센터ID,센터명,시도,시군구,유형,주소,우편번호,위도,경도,전화번호,팩스번호,홈페이지,설립일,의사인원수,간호사인원수,사회복지사인원수,기타인원_파싱_JSON,운영기관명,운영기관대표자명,운영기관전화번호,프로그램_개수,프로그램_리스트_텍스트,데이터출처
C0001,서울특별시강남구치매안심센터,서울특별시,강남구,치매안심센터,"서울 강남구 선릉로108길 27 (삼성동, 강남구치매지원센터) 4층, 5층",6153.0,37.5103126,127.0463796,02-568-4203,02-568-4280,gangnam.nid.or.kr,2018-12-18,2.0,6.0,4.0,{},삼성서울병원,서상원,02-568-4203,2,치매선별검사 | 인지건강증진프로그램운영 등,파일1+파일2
C0002,서울특별시강동구치매안심센터,서울특별시,강동구,치매안심센터,"서울 강동구 성내로 45 (성내동, 강동구보건소) 별관 강동구치매안심센터",5397.0,37.52954199,127.1255855,02-489-1130,02-489-1137,gangdong.nid.or.kr,2018-10-01,1.0,7.0,6.0,"{""작업치료사"": 6}",강동성심병원,김여진,02-489-1130,5,치매예방및인식개선 | 치매조기검진 | 치매및고위험인지재활프로그램 | 치매치료비지원 | 치매지역자원강화 등,파일1+파일2
C0003,서울특별시강북구치매안심센터,서울특별시,강북구,치매안심센터,"서울 강북구 삼양로 335-1 (수유동, 수유보건지소) 2층 강북구치매안심센터",1098.0,37.63341432,127.0171553,02-991-9830,02-991-1177,gangbuk.nid.or.kr,2018-11-05,0.0,2.0,2.0,"{""작업치료사"": 1, ""행정인력"": 1}",고려대학교의료원 안암병원,이찬녕,02-991-9832,10,조기검진 | 쉼터 | 가족지원 | 인식개선 등치매검진 | 치매치료비 | 조호물품 | 배회인식표 | 가족모임 | 인지건강센터 | 기억친구 등,파일1+파일2
C0004,서울특별시강서구치매안심센터,서울특별시,강서구,치매안심센터,서울 강서구 화곡로 371 (등촌동) 3층,7590.0,37.55695579,126.8522421,02-3663-0943,02-3663-0909,gangseo.nid.or.kr,2018-07-02,1.0,10.0,3.0,"{""운동치료사"": 1, ""작업치료사"": 9, ""임상심리사"": 1}",이화여자대학교 의과대학부속 서울병원,허담,02-3663-0943,6,무료치매검진 및 진단 | 치매예방교육 | 치매예방인지재활프로그램 | 치매가족지지 프로그램 | 실종예방프로그램 | 조호물품지원 등,파일1+파일2
C0005,서울특별시관악구치매안심센터,서울특별시,관악구,치매안심센터,"서울 관악구 관악로 145 (봉천동, 관악구청) 별관 3, 4층",8832.0,37.47821067,126.9515012,02-879-4910,02-879-7910,gwanak.nid.or.kr,2018-07-10,0.0,8.0,3.0,"{""작업치료사"": 4}",서울특별시 관악구보건소,최정화,02-879-4910,5,치매조기검진 및 등록관리 | 치매예방 및 인식개선 | 치매의료비 지원 | 인지건강프로그램 및 치매환자쉼터 운영 | 치매환자 가족지원,파일1+파일2
C0006,서울특별시광진구치매안심센터,서울특별시,광진구,치매안심센터,"서울 광진구 긴고랑로 110 (중곡동, 중곡종합건강센터) 3층 광진구치매안심센터",4922.0,37.55933773,127.0870912,02-450-1381,02-3425-2102,gwangjin.nid.or.kr,2018-07-01,1.0,9.0,4.0,"{""작업치료사"": 4, ""행정인력"": 1}",건국대학교병원,문연실,02-450-1381,7,치매조기검진 | 맞춤형 인지프로그램 운영 | 사례관리 | 조호물품 지원 | 치매치료비지원 | 치매공공후견사업 | 기억키움쉼터 및 가족카페 운영,파일1+파일2
C0007,서울특별시구로구치매안심센터,서울특별시,구로구,치매안심센터,"서울특별시 구로구 디지털로 243, 2층(구로동, 지하이시티 2층) 213호 구로구치매안심센터",8227.0,37.48199214,126.8923489,02-2612-7041~4,02-2612-7045,guro.nid.or.kr,2018-07-01,1.0,11.0,5.0,"{""작업치료사"": 5, ""운동치료사"": 1, ""음악치료사"": 1, ""송영인력"": 1, ""기타"": 1}",고려대학교 구로병원,,02-2612-7041,3,무료치매검사 | 정상 고위험 치매 프로그램 및 인지프로그램 운영 | 치매가족프로그램 등,파일1+파일2
C0008,서울특별시금천구치매안심센터,서울특별시,금천구,치매안심센터,"서울 금천구 시흥대로123길 11 (독산동, 독산1동주민센터) 6층, 7 층",8523.0,37.47021905,126.8970437,02-3281-9082,02-857-0330,geumcheon.nid.or.kr,2018-01-01,1.0,10.0,4.0,"{""작업치료사"": 4}",고려대학교 구로병원,병원장 정희진,02-3281-9082,5,예방 및 인식개선 사업 | 조기검진 사업 | 등록관리사업 | 치매치료관리비 지원사업 | 중증치매노인공공후견사업,파일1+파일2
C0009,서울특별시노원구치매안심센터,서울특별시,노원구,치매안심센터,"서울 노원구 수락산로 212-20 (상계동, 마들보건지소) 4~5층",1616.0,37.6714151,127.0552421,02-911-7778,02-911-7760,nowon.nid.or.kr,2018-01-02,1.0,10.0,8.0,{},인제대학교 상계백병원 위탁,이순형,02-911-7778,5,치매조기검진 | 치매예방 및 등록관리 | 치매치료비 지원 | 쉼터 및 일상생활훈련센터 운영 | 지역자원강화 사업 등,파일1+파일2
C0010,서울특별시도봉구치매안심센터,서울특별시,도봉구,치매상담전화센터,"서울 도봉구 마들로 650 (방학동, 도봉월드상가) 4층 도봉구치매안심센터",1331.0,37.66802835,127.0470647,02-955-3591,02-955-3596,dobong.nid.or.kr,2018-12-13,1.0,7.0,3.0,"{""작업치료사"": 6}",서울노보스병원,오승용,02-955-3591,1,"치매환자의 등록·관리, 치매의 예방·교육 및 홍보, 치매조기검진 등",파일1+파일2
C0011,서울특별시동대문구치매안심센터,서울특별시,동대문구,치매안심센터,"서울 동대문구 홍릉로 81 (청량리동) 홍릉문화복지센터 1,2층",2470.0,37.58751632,127.0427076,02-957-3062,02-957-3065,dongdaemun.nid.or.kr,2008-04-01,1.0,5.0,5.0,"{""기타"": 1, ""음악치료사"": 1, ""작업치료사"": 3, ""행정인력"": 1}",경희의료원,강원섭,02-957-3062,5,치매조기검진 | 치매환자 등록관리 | 치매환자 인지재활프로그램 | 가족치유 프로그램 | 기억키움학교 운영,파일1+파일2
C0012,서울특별시동작구치매안심센터,서울특별시,동작구,치매안심센터,"서울 동작구 남부순환로 2025 (사당동, 동작구치매안심센터) 동작구치매안심센터",7023.0,37.47643044,126.9736224,02-598-6088,02-6280-6099,dongjak.nid.or.kr,2018-12-31,2.0,8.0,3.0,"{""행정인력"": 8}",서울특별시 보라매병원,이재협,02-598-6088,7,치매환자 상담 및 등록관리 | 치매조기검진 | 치매예방관리 | 치매환자쉼터운영 | 치매가족지원 | 치매인식개선및교육홍보 | 치매안심마을운영,파일1+파일2
C0013,서울특별시마포구치매안심센터,서울특별시,마포구,치매안심센터,서울 마포구 대흥로24길 50 (염리동) 3층 치매안심센터,4123.0,37.55463975,126.9487442,02-3272-1578,02-3272-1590,mapo.nid.or.kr,2018-04-04,1.0,12.0,5.0,{},가톨릭대학교서울성모병원,양동원,02-3272-1578,5,치매예방및인식개선사업 | 치매조기검진 및 등록관리사업 | 치매치료비및원인확진검사비지원 | 치매가족지원 | 공공후견사업,파일1+파일2
C0014,서울특별시서대문구치매안심센터,서울특별시,서대문구,치매안심센터,"서울 서대문구 연희로 290 (홍은동, 서대문보건소별관우리들) 서대문구치매안심센터",3653.0,37.58292926,126.9364454,02-379-0183,02-379-0104,seodaemun.nid.or.kr,2018-01-01,1.0,6.0,5.0,"{""작업치료사"": 6, ""음악치료사"": 1, ""행정인력"": 1}",서대문구 치매안심센터,김어수,02-379-0183,5,경증 치매환자 대상 단기 보호(쉼터)운영 | 치매가족교육 | 온라인 치매예방 프로그램 | 치매가족 카페 | 힐링 프로그램 등,파일1+파일2
C0015,서울특별시서초구치매안심센터,서울특별시,서초구,치매안심센터,서울 서초구 방배중앙로 118 (방배동) 3층,6563.0,37.48985373,126.9877701,02-591-1833,02-6959-6988,seocho.nid.or.kr,2018-06-30,1.0,8.0,6.0,"{""작업치료사"": 7}",가톨릭대학교서울성모병원,강동우,02-591-1833,1,"무료치매검사, 고도화장비기반 치매검사, 인지건강프로그램, 치매환자 가족교육 및 지지프로그램, 안심하우스 및 기억키움학교 운영, 치매 홍보서포터즈 운영 등",파일1+파일2
C0016,서울특별시성동구치매안심센터,서울특별시,성동구,치매안심센터,"서울 성동구 왕십리로5길 3 (성수동1가, 성수1가제2동 공공복합청사) 5층",4768.0,37.54640255,127.0443497,02-499-8071,02-499-8075,seongdong.nid.or.kr,2018-01-01,1.0,9.0,3.0,"{""작업치료사"": 4, ""행정인력"": 1}",서울특별시 서울의료원,김희진,02-499-8071,3,치매검진 | 치매예방등록관리 | 지역사회자원 강화,파일1+파일2
C0017,서울특별시성북구치매안심센터,서울특별시,성북구,치매안심센터,"서울 성북구 화랑로 63 (하월곡동, 성북구보건소) 5층",2751.0,37.60271066,127.0395333,02-918-2223,02-918-2216,seongbuk.nid.or.kr,2007-06-27,1.0,11.0,3.0,"{""작업치료사"": 6, ""행정인력"": 1}",건국대학교병원,전홍준,02-918-2223,5,치매조기검진 | 인지카페 기억다방 운영 | 치매안심마을운영 | 기억키움학교 | 치매 찾동 협업 인지강화프로그램 등,파일1+파일2
C0018,서울특별시송파구치매안심센터,서울특별시,송파구,치매안심센터,"서울 송파구 충민로 184 (장지동, 구립송파노인요양센터) 송파구 치매안심센터(1층)",5792.0,37.48579492,127.1343222,02-2147-5050,02-2147-3984,songpa.nid.or.kr,2018-04-01,0.0,11.0,5.0,"{""작업치료사"": 6}",송파구보건소,이영숙,02-2147-5050,3,치매조기검진 | 치매인식개선 및 등록관리사업 | 쉼터 및 인지건강프로그램 운영,파일1+파일2
C0019,서울특별시양천구치매안심센터,서울특별시,양천구,치매안심센터,"서울 양천구 남부순환로 407 (신월동) 신월보건지소 3,4층",7921.0,37.53133706,126.8318233,02-2698-8680,02-2698-8682,yangcheon.nid.or.kr,2018-01-01,1.0,12.0,4.0,"{""작업치료사"": 5, ""임상심리사"": 1, ""운동치료사"": 1}",이화의대부속 목동병원,유경하,02-2698-8680,5,치매검사 | 치매 상담 및 등록관리 | 치매가족지원 | 치매인식개선 | 인지강화 및 치매예방교실 운영 등,파일1+파일2
C0020,서울특별시영등포구치매안심센터,서울특별시,영등포구,치매안심센터,서울 영등포구 당산로29길 9 (당산동3가) 3층,7261.0,37.52598149,126.8939756,02-831-0855,,yeongdeungpo.nid.or.kr,2018-01-01,1.0,9.0,4.0,"{""작업치료사"": 5, ""음악치료사"": 1, ""운동치료사"": 1, ""행정인력"": 1}",한림대학교 강남성심병원,정산,02-831-0855,1,"치매예방 및 인식개선(교육, 홍보)치매조기검진(선별검진, 정밀검진)치매예방등록사업(상담 및 사례관리, 환자 및 가족 지원, 인지건강 프로그램 운영)치매치료비 및 원인확진검사비 지원(저소득 치매환자)치매지역사회 지원강화(지역사회 인적, 물적 자원 연계)치매통합관리 정보시스템 구축 운영",파일1+파일2
C0021,서울특별시용산구치매안심센터,서울특별시,용산구,치매안심센터,"서울 용산구 녹사평대로 150 (이태원동, 용산구종합행정타운) 보건소 지하2층",4390.0,37.53245229,126.9904788,02-790-1541,02-790-1544,yongsan.nid.or.kr,2018-01-02,1.0,9.0,3.0,"{""작업치료사"": 6, ""음악치료사"": 1}",순천향대학교 서울병원,서교일,02-790-1541,9,조기검진사업 | 치매환자등록관리사업 | 치매환자쉼터 운영사업 | 가족모임운영 | 교육 및 인지프로그램 운영 | 치매예방관리사업 | 홍보사업 | 치매파트너 양성 | 지역자원강화사업 등,파일1+파일2
C0022,서울특별시은평구치매안심센터,서울특별시,은평구,치매안심센터,"서울 은평구 연서로34길 11 (불광동, 보건분소) 불광보건지소 1층",3347.0,37.62156247,126.9276913,02-388-8233,02-388-8235,eunpyeong.nid.or.kr,2018-12-19,1.0,9.0,4.0,"{""임상심리사"": 1, ""음악치료사"": 1, ""작업치료사"": 2}",가톨릭대학교 은평성모병원,임은예,02-388-8233,1,"치매 조기검진 및 등록관리, 치료비 지원 및 사례관리, 인지건강프로그램 운영, 치매예방 교육 및 홍보",파일1+파일2
C0023,서울특별시종로구치매안심센터,서울특별시,종로구,치매안심센터,"서울 종로구 평창문화로 50 (평창동, 종로구치매안심센터) 종로구치매안심센터",3011.0,37.60542184,126.9669251,02-3675-9001,02-3675-9007,jongno.nid.or.kr,2019-12-31,1.0,6.0,4.0,"{""작업치료사"": 6, ""행정인력"": 1}",서울대학교병원,박지은,02-3675-9001,5,치매예방 및 인식개선사업 | 치매조기검진 사업 | 치매예방등록관리 사업 | 저소득층 치매치료비 및 원인확진검사비 지원 사업 | 치매지역사회자원강화 사업 등,파일1+파일2
C0024,서울특별시중구치매안심센터,서울특별시,중구,치매안심센터,"서울 중구 퇴계로 460 (신당동, 중구종합복지센터) 11층",4579.0,37.56509826,127.0227631,02-2238-3400,02-2238-5995,junggu.nid.or.kr,2019-12-31,1.0,9.0,3.0,"{""작업치료사"": 4}",국립중앙의료원,,02-2238-3400,6,"치매선별검사 | 맞춤형 치매예방 프로그램 | 지매환자 약제비, 검사비 지원 | 가족 지원(힐링 프로그램, 자조모임, 교육) | 조호물품지원 | 인식개선사업 등",파일1+파일2
C0025,서울특별시중랑구치매안심센터,서울특별시,중랑구,치매안심센터,"서울 중랑구 봉화산로 190 (신내동, 중랑구청 제2청사) 6층",2076.0,37.60625232,127.0941678,02-435-7540,02-435-7547,jungnang.nid.or.kr,2018-01-01,1.0,11.0,3.0,"{""작업치료사"": 7}",서울북부병원,이용주,02-435-7540,3,치매조기검진 | 치매예방등록관리 | 지역사회자원강화,파일1+파일2
C0026,부산광역시강서구치매안심센터,부산광역시,강서구,치매안심센터,"부산 강서구 낙동북로102번길 76 (강동동, 강동보건지소) 2층 치매안심센터",46706.0,35.2162043,128.937671,051-970-2600,051-970-4799,bsgangseo.nid.or.kr,2018-11-15,1.0,9.0,3.0,"{""임상심리사"": 1, ""작업치료사"": 1}",부산광역시 강서구청,천동환,051-970-2600,8,치매상담 | 치매조기검진사업 | 치매예방교실 | 치매환자쉼터 | 치매가족교실 | 치매치료비지원 | 치매환자조호물품지원 | 치매인식개선사업 등,파일1+파일2
C0027,부산광역시금정구치매안심센터,부산광역시,금정구,치매안심센터,"부산 금정구 중앙대로 1777 (부곡동, 금정구청) 금정구청 별관4층 치매안심센터",46274.0,35.24205404,129.0924545,051-519-5678,,bsgj.nid.or.kr,2018-06-20,0.0,10.0,2.0,{},부산광역시 금정구보건소,엄지안,051-519-5678,4,치매조기검진 | 치매예방프로그램 | 치매환자 지원 | 치매 인식 개선사업 등,파일1+파일2
C0028,부산광역시기장군치매안심센터,부산광역시,기장군,치매안심센터,"부산 기장군 정관읍 용수로 11 (용수리, 정관보건지소) 정관보건지소",46014.0,35.32519724,129.1793766,051-709-2984,051-727-0322,gijang.nid.or.kr,2018-11-05,1.0,9.0,4.0,{},기장군보건소,최병무,051-709-2983,5,치매 선별검사 | 치매환자 인지재활 프로그램 | 치매환자가족교실 | 자조모임 | 치매 예방교육 등,파일1+파일2
C0029,부산광역시남구치매안심센터,부산광역시,남구,치매안심센터,"부산 남구 못골로 23 (대연동, 남구보건소) 남구보건소 3층",48452.0,35.13606784,129.0849507,051-607-3781,051-607-3789,bsnamgu.nid.or.kr,2025-06-16,1.0,10.0,3.0,"{""작업치료사"": 2, ""임상심리사"": 1, ""기타"": 1}",남구보건소치매안심센터,센터장 윤민우,051-607-3781,4,치매조기검진 | 인지재활프로그램 | 고위험군 인지강화교실 | 치매예방교실 등,파일1+파일2
C0030,부산광역시동구치매안심센터,부산광역시,동구,치매안심센터,"부산 동구 구청로 14 (수정동, 동구보훈회관) 5~6층",48782.0,35.1283296,129.0450647,051-440-6441,,bsdonggu.nid.or.kr,2018-03-21,0.0,6.0,3.0,"{""작업치료사"": 2, ""임상심리사"": 1}",부산광역시 동구보건소,이정원,051-440-6443,4,치매조기검진 | 쉼터 | 인지재활프로그램 | 가족지원사업 등,파일1+파일2
C0031,부산광역시동래구치매안심센터,부산광역시,동래구,치매안심센터,"부산 동래구 명륜로187번길 56 (명륜동, 동래구보건소) 4층 치매안심센터",47741.0,35.21141256,129.0798533,051-550-6767,051-550-6749,dongnae.nid.or.kr,2018-06-22,3.0,10.0,2.0,"{""임상심리사"": 1, ""작업치료사"": 2}",부산광역시 동래구보건소,정규석,051-555-6767,5,치매상담 및 등록관리 | 치매조기검진 및 예방관리 | 치매환자쉼터 운영 | 치매가족 지원 | 치매인식개선 및 교육홍보 등,파일1+파일2
C0032,부산광역시부산진구치매안심센터,부산광역시,부산진구,치매안심센터,부산 부산진구 새싹로 253 (초읍동) 부산진구 치매안심센터,47104.0,35.17870907,129.04755,051-605-6107,051-605-5999,busanjin.nid.or.kr,2018-12-28,0.0,10.0,6.0,"{""작업치료사"": 2, ""임상심리사"": 1}",부산광역시 부산진구청,김영욱,051-605-6107,4,치매조기검진 | 치매대상자 등록관리 | 치매치료관리비지원 | 치매인식개선 및 홍보 등,파일1+파일2
C0033,부산광역시북구치매안심센터,부산광역시,북구,치매안심센터,"부산 북구 덕천로 123 (덕천동, 덕천3동공영주차장) 행복키움센터 4층 치매안심센터",46575.0,35.2105403,129.0181319,051-309-5281,051-309-5299,bsbukgu.nid.or.kr,2019-08-27,2.0,9.0,3.0,"{""작업치료사"": 3, ""임상심리사"": 1}",북구보건소,김유정,051-309-5281,4,치매조기검진 | 치매치료비지원 | 인지재활프로그램 | 가족교육 등,파일1+파일2
C0034,부산광역시사상구치매안심센터,부산광역시,사상구,치매안심센터,"부산 사상구 학감대로 242 (감전동, 사상구청) 사상구 보건소 2층",46985.0,35.15255072,128.9914561,051-310-4853,051-310-4799,sasang.nid.or.kr,2019-07-15,1.0,11.0,4.0,"{""작업치료사"": 3, ""임상병리사"": 1}",부산광역시 사상구보건소,이정민,051-310-3362,7,치매환자 등록 관리 | 중증치매노인공공후견 | 사례관리 | 치매치료관리비 지원 | 치매조기검진 | 치매환자 쉼터 및 가족지원 | 치매 인식 개선을 위한 홍보 캠페인 등,파일1+파일2
C0035,부산광역시사하구치매안심센터,부산광역시,사하구,치매안심센터,부산 사하구 까치고개로 50-10 (실버힐링센터 2-3층) 실버힐링센터,49347.0,35.10448398,129.0063462,051-220-5971~5,051-202-5720,saha.nid.or.kr,2019-05-14,0.0,7.0,2.0,"{""작업치료사"": 2, ""송영인력"": 1}",부산광역시 사하구보건소,박승아,051-220-5987,3,치매조기검진 | 치료관리비 지원 | 치매 인식 개선을 위한 홍보 캠페인 등,파일1+파일2
C0036,부산광역시서구치매안심센터,부산광역시,서구,광역치매센터,부산 서구 구덕로 127 (토성동5가) 서구가족센터 4층,49252.0,35.09633258,129.022058,051-240-4912,051-240-4799,bsseogu.nid.or.kr,2019-09-30,1.0,0.0,6.0,"{""작업치료사"": 1, ""의무기록사"": 1}",동아대학교병원,안희배,051-240-2560,1,치매예방 챌린지 <기억 쑥쑥 뇌 튼튼 요일표> 프로그램,파일1+파일2
C0037,부산광역시수영구치매안심센터,부산광역시,수영구,치매안심센터,"부산 수영구 수영로 637-5 (광안동, 수영구 보건소) 별관, 수영구치매안심센터",48247.0,35.1624774,129.1134882,051-610-4901,,suyeong.nid.or.kr,2018-12-19,0.0,5.0,2.0,"{""작업치료사"": 3, ""임상심리사"": 1}",부산광역시 수영구보건소,박병건,051-752-4000,1,"치매조기검진, 치매예방프로그램, 치매환자 지원사업, 치매 인식개선 홍보 캠페인 등",파일1+파일2
C0038,부산광역시연제구치매안심센터,부산광역시,연제구,치매안심센터,부산 연제구 중앙대로1038번길 40 (연산동) 시청앞 행복주택 204동(연제구 건강관리센터) 3~4층,47600.0,35.17925419,129.0784461,051-665-5460,051-665-5439,yeonje.nid.or.kr,2018-11-29,2.0,11.0,2.0,"{""임상심리사"": 1, ""작업치료사"": 2}",연제구보건소,신승건,051-665-5481,4,치매상담검진 | 환자 및 가족 지원 | 인식개선홍보 | 치매사례관리,파일1+파일2
C0039,부산광역시영도구치매안심센터,부산광역시,영도구,치매안심센터,"부산 영도구 태종로 423 (청학동, 영도구청) 영도구 보건소 신관 1층",49011.0,35.09121745,129.0679105,051-419-4954,,yeongdo.nid.or.kr,2018-12-18,3.0,8.0,3.0,"{""임상심리사"": 1, ""작업치료사"": 1}",영도구보건소,박성률,051-419-4935,9,치매상담 및 정보 제공 | 치매조기검진 | 치매가구 맞춤형 사례관리 | 치매예방 및 인지강화교실 운영 | 치매환자 단기보호쉼터 운영 | 치매가족교실 및 힐링까페 운영 | 치매치료관리비 지원 | 치매환자 조호물품 지원 | 치매인식개선사업 운영 등,파일1+파일2
C0040,부산광역시중구치매안심센터,부산광역시,중구,치매안심센터,부산 중구 흑교로 48 (보수동1가) 중구복합건강센터 2층,48962.0,35.10377395,129.0253563,051-600-4688,,bsjunggu.nid.or.kr,2019-03-06,1.0,5.0,3.0,"{""작업치료사"": 4, ""임상심리사"": 1}",부산광역시 중구보건소,송교필,051-600-4688,4,치매초기상담 | 조기검진 | 1:1 사례관리 | 치매치료비지원 등,파일1+파일2
C0041,부산광역시해운대구치매안심센터,부산광역시,해운대구,치매안심센터,"부산 해운대구 양운로37번길 59 (좌동, 해운대구보건소) 2관 치매안심센터 3층,4층",48104.0,35.1641127,129.1786594,051-749-0770,051-749-7589,haeundae.nid.or.kr,2019-05-16,4.0,15.0,2.0,"{""임상심리사"": 1, ""작업치료사"": 2, ""행정인력"": 1}",해운대구보건소,안여현,051-749-0770,10,"치매조기검진(선별,정밀) | 치매환자 상담 및 등록관리 | 조호물품지원 | 치매치료비지원 | 치매환자 공공후견인지원 | 치매예방교실 | 인지강화교실 | 인지재활교실 | 가족교실(헤아림) | 가족모임지원 등",파일1+파일2
C0042,대구광역시남구치매안심센터,대구광역시,남구,치매안심센터,"대구 남구 영선길 34 (대명동, 남구 보건소) 5층 치매안심센터",42424.0,35.85389994,128.5915237,053-664-6300,053-664-3709,namdaegu.nid.or.kr,2019-06-11,0.0,9.0,2.0,"{""작업치료사"": 3, ""임상심리사"": 2}",대구광역시 남구보건소,이명자,053-664-3694,1,"치매조기검진사업, 치매환자 및 가족프로그램 운영, 치매예방교육 및 인식개선사업 등",파일1+파일2
C0043,대구광역시달서구치매안심센터,대구광역시,달서구,치매안심센터,"대구 달서구 와룡로 106(본리동, 달서구 치매안심센터) 달서구치매안심센터",42674.0,35.842085,128.5376247,053-667-5771,053-667-5779,dalseo.nid.or.kr,2019-05-20,0.0,13.0,5.0,"{""작업치료사"": 2, ""임상심리사"": 1, ""기타"": 1}",달서구보건소 (직영),이완회,053-667-5780,5,치매예방교실운영 | 치매인지강화교실운영 | 치매쉼터(인지재활교실)운영 | 가족지원프로그램운영 및 자조모임운영 | 치매극복의 날 기념행사 등,파일1+파일2
C0044,대구광역시달성군치매안심센터,대구광역시,달성군,치매안심센터,대구 달성군 현풍읍 현풍중앙로 27 (하리) 달성군보건소 5층 달성군치매안심센터,43004.0,35.69200624,128.4462105,053-668-3841,053-282-8141,dalseong.nid.or.kr,2019-04-24,1.0,11.0,4.0,"{""작업치료사"": 2, ""치위생사"": 1}",달성군보건소,권선영,053-668-3841,3,치매선별검사 | 치매예방프로그램 | 치매인지재활프로그램 등,파일1+파일2
C0045,대구광역시동구치매안심센터,대구광역시,동구,치매안심센터,"대구 동구 동촌로 79 (검사동, 동구보건소) 4층 치매안심센터",41143.0,35.88812209,128.6512166,053-662-3175,053-662-3199,dongdaegu.nid.or.kr,2018-12-20,2.0,10.0,5.0,"{""작업치료사"": 3}",대구동구보건소,정재헌,053-662-3175,1,인지재활 및 가족지지 프로그램,파일1+파일2
C0046,대구광역시북구치매안심센터,대구광역시,북구,치매안심센터,"대구 북구 성북로 49 (침산동, 북구보건소) 5층",41550.0,35.891715,128.588813,053-665-3135,053-665-3279,bukdaegu.nid.or.kr,2019-07-04,1.0,13.0,4.0,"{""작업치료사"": 4, ""송영인력"": 1, ""임상심리사"": 1, ""행정인력"": 1}",대구북구보건소,이영숙,053-665-3135,9,치매조기검진 | 치매치료관리비지원 | 조호물품 제공 | 치매예방프로그램 | 쉼터운영 | 가족지원 | 치매환자 실종예방사업 | 맞춤형사례관리 | 치매인식개선사업 등,파일1+파일2
C0047,대구광역시서구치매안심센터,대구광역시,서구,치매안심센터,대구 서구 북비산로71길 7 (비산동) 서구치매안심센터,41735.0,35.88016148,128.5723999,053-663-3811,053-663-3819,dgs.nid.or.kr,2019-05-16,0.0,11.0,2.0,"{""행정인력"": 1, ""작업치료사"": 2, ""송영인력"": 1}",대구광역시 서구청,,053-663-3811,4,치매조기검진 | 치매예방프로그램 | 쉼터인지재활프로그램 | 치매가족교실 등,파일1+파일2
C0048,대구광역시수성구치매안심센터,대구광역시,수성구,치매안심센터,"대구 수성구 수성로 213 (중동, 수성구보건소) 별관 2~3층",42152.0,35.84495927,128.6119385,053-666-3181,053-666-4898,suseong.nid.or.kr,2019-03-28,0.0,14.0,4.0,"{""작업치료사"": 4, ""임상심리사"": 2, ""행정인력"": 1}",수성구보건소,여수환,053-666-3181,3,치매조기검진 | 치매환자 및 가족 프로그램운영 | 인식개선활동 및 홍보 등,파일1+파일2
C0049,대구광역시중구치매안심센터,대구광역시,중구,치매안심센터,"대구 중구 태평로 45 (태평로3가, 중구보건소) 3층 중구치매안심센터",41901.0,35.87790606,128.5833355,053-661-3911,053-661-3139,dgjunggu.nid.or.kr,2018-01-23,1.0,7.0,3.0,{},대구광역시중구보건소,황석선,053-661-3911,7,선별검사 | 진단검사 | 상담 | 치매예방교육 | 기억쉼터 운영 및 인지재활프로그램 | 가족교실 운영 | 맞춤형사례관리 등,파일1+파일2
C0050,대구광역시군위군치매안심센터,대구광역시,군위군,치매안심센터,"대구 군위군 군위읍 군청로 70 (동부리, 군위군보건소) 2층 치매안심센터",43120.0,36.22952003,128.5698713,054-380-7491,054-380-6757,gunwi.nid.or.kr,2019-12-23,1.0,6.0,2.0,{},군위군보건소,윤영국,054-380-7491,9,상담및등록관리사업 | 치매조기검진사업 | 치매예방관리사업 | 치매환자쉼터 | 치매지원서비스관리(치매치료관리비 지원) | 치매안심마을운영 | 맞춤형사례관리사업 | 치매가족및보호자지원사업 | 치매인식개선 홍보,파일1+파일2
C0051,인천광역시강화군치매안심센터,인천광역시,강화군,치매안심센터,인천 강화군 강화읍 충렬사로 26-1 (남산리) 강화군보건소 내,23037.0,37.7372942,126.4848586,032-930-4057,032-930-3642,ganghwa.nid.or.kr,2018-12-28,0.0,3.0,7.0,"{""작업치료사"": 2, ""임상심리사"": 2, ""임상병리사"": 1, ""물리치료사"": 2, ""치위생사"": 1, ""행정인력"": 4, ""송영인력"": 4}",인천광역시 강화군보건소,이은경,032-930-4057,7,치매 선별검사 및 진단검사 | 치매예방 프로그램 | 치매환자 돌봄 | 치매환자 지원 | 치매환자 가족 지원 | 치매환자 인지재활 프로그램 | 치매 인식개선 홍보,파일1+파일2
C0052,인천광역시계양구치매안심센터,인천광역시,계양구,치매안심센터,"인천 계양구 계양문화로 63 (계산동, 계양구보건소) 계양구 보건소 4층",21068.0,37.53642762,126.7362452,032-430-7867,032-547-9226,gyeyang.nid.or.kr,2017-12-01,2.0,14.0,1.0,"{""기타"": 2, ""행정인력"": 1, ""송영인력"": 1}",계양구보건소,이미숙,032-430-7867,7,조기검진 및 등록관리 | 치매환자지원사업 | 치매예방관리사업 | 치매환자 쉼터운영 | 치매환자 가족및보호자지원사업 | 치매인식개선사업 | 맞춤형사례관리사업 등,파일1+파일2
C0053,인천광역시미추홀구치매안심센터,인천광역시,미추홀구,치매안심센터,인천 미추홀구 경인로34번길 20 (숭의동) 5층 미추홀구치매안심센터,22169.0,37.46303566,126.6472695,032-728-6520,,michuhol.nid.or.kr,2018-11-30,2.0,23.0,3.0,{},인천광역시 미추홀구보건소,차남희,032-728-6520,6,치매조기검진 | 치매치료관리비지원 | 인지재활프로그램 운영 | 치매가족교육 | 치매관련교육 | 조호물품 제공 등,파일1+파일2
C0054,인천광역시남동구치매안심센터,인천광역시,남동구,치매안심센터,"인천 남동구 소래로 633 (만수동, 남동구청) 남동구 보건소 3층",21589.0,37.44738839,126.7306774,032-453-5910,,namdong.nid.or.kr,2019-01-24,0.0,19.0,1.0,"{""임상심리사"": 1, ""작업치료사"": 2, ""기타"": 13}",남동구보건소,,032-453-5910,4,치매예방교육 | 인지강화 프로그램 | 쉼터 프로그램 | 찾아가는 치매예방교육 및 선별검사,파일1+파일2
C0055,인천광역시동구치매안심센터,인천광역시,동구,치매안심센터,인천 동구 방축로 193 (송림동) 동구치매안심센터,22532.0,37.4798949,126.6665634,032-772-6307,032-760-4949,icdonggu.nid.or.kr,2018-12-21,0.0,11.0,1.0,"{""임상심리사"": 1, ""임상병리사"": 1, ""기타"": 6}",인천광역시 동구보건소,임미숙,032-772-6307,8,상담 및 등록관리 | 치매 조기검진 | 치매예방관리 | 치매환자 쉼터 운영 | 치매지원 서비스 | 치매가족 및 보호자 지원사업 | 치매 인식개선 및 교육·홍보 사업 | 치매 안심마을 운영,파일1+파일2
C0056,인천광역시부평구치매안심센터,인천광역시,부평구,치매안심센터,"인천 부평구 주부토로 65 (부평동, 부평4동 행정복지센터) 6층, 7층 부평구치매안심센터",21359.0,37.50084167,126.7249748,032-509-1308,032-509-1309,icbp.nid.or.kr,2019-09-27,2.0,34.0,1.0,{},인천광역시 부평구보건소,김윤자,032-509-1300,3,치매조기선별검진 | 진단검사 | 인지건강프로그램운영등,파일1+파일2
C0057,인천광역시서구치매안심센터,인천광역시,서구,치매안심센터,"인천 서구 봉오재3로94번길 11 (가정동, MK타워)5층 서구치매안심센터",22731.0,37.52682819,126.6704561,032-718-0630,032-718-0798,seoincheon.nid.or.kr,2019-12-18,0.0,24.0,1.0,{},인천광역시 서구보건소,장준영,032-718-0630,7,치매 선별검사 및 진단검사 | 치매예방 프로그램 | 치매환자 돌봄 | 치매환자 지원 | 치매환자 가족 지원 | 치매환자 인지재활 프로그램 | 치매 인식개선 홍보,파일1+파일2
C0058,인천광역시연수구치매안심센터,인천광역시,연수구,치매안심센터,인천 연수구 예술로20번길 15 (선학동) 연수구치매안심센터,21907.0,37.43578309,126.6996474,1899-9080,032-749-8939,yeonsu.nid.or.kr,2017-12-08,0.0,13.0,1.0,"{""작업치료사"": 2, ""행정인력"": 10}",인천광역시 연수구 보건소,강길원,032-749-8934,4,무료치매검사 | 치매환자등록 | 치매조호물품 | 프로그램 운영,파일1+파일2
C0059,인천광역시옹진군치매안심센터,인천광역시,옹진군,치매안심센터,"인천 미추홀구 매소홀로 120 (용현동, 옹진군청) 옹진군보건소 3층",22193.0,37.44657047,126.6367454,032-721-0520,032-899-3149,ongjin.nid.or.kr,2017-12-01,0.0,1.0,0.0,"{""기타"": 1}",인천광역시 옹진군보건소,박혜련,032-899-3670,3,쉼터 | 치매예방 | 인지강화교실,파일1+파일2
C0060,인천광역시중구치매안심센터,인천광역시,중구,치매안심센터,"인천 중구 참외전로72번길 21 (전동, 중구보건소) 4층 중구치매안심센터",22309.0,37.47721729,126.6291077,032-760-6060,,icjg.nid.or.kr,2018-11-23,0.0,7.0,1.0,"{""작업치료사"": 1}",인천광역시 중구보건소,정한숙,032-760-6063,12,"치매조기검진(선별,진단,감별검사) | 치매환자등록관리 | 맞춤형사례관리 | 치매치료관리비 지원 | 조호물품 지원 | 치매안심마을 만들기 | 공공후견인사업운영 | 치매예방교실 운영(미술활동, 치매예방운동, 보드게임,한지공예,원예교실 등) | 가족힐링프로그램(드라이플라워, 자조모임 등) | 쉼터운영(운동치료,요리치료,미술치료,음악치료,감각활동,전산화인지재활,인지카드학습) | 치매인식개선 및 홍보 사업 | 치매파트너 양성사업 등",파일1+파일2
C0061,광주광역시광산구치매안심센터,광주광역시,광산구,치매안심센터,광주광역시 광산구 용아로379번길 77(산정동 1033) 광산구치매안심센터,62430.0,35.17615122,126.8002346,062-960-6930,062-960-3738,gwangsan.nid.or.kr,2019-12-05,0.0,10.0,2.0,{},광주광역시 광산구보건소,김옥현,062-960-6930,6,치매조기검진 | 인지프로그램 | 가족지원사업 | 사례관리 | 조호물품 | 인식개선 등,파일1+파일2
C0062,광주광역시남구치매안심센터,광주광역시,남구,치매안심센터,광주 남구 효우로 80 (노대동) 남구 치매안심센터,61744.0,35.10631349,126.9035759,062-607-4369,062-675-2041,gjnamgu.nid.or.kr,2020-02-24,0.0,9.0,0.0,"{""기타"": 7}",광주광역시 남구 보건소,,062-607-4361,1,"치매조기검진, 치매인식개선, 치매환자보호자 등록관리",파일1+파일2
C0063,광주광역시동구치매안심센터,광주광역시,동구,치매안심센터,"광주 동구 서남로 14 (서석동, 서남동주민센터) 7층",61468.0,35.14495096,126.923163,062-608-3490,062-608-3499,gjdonggu.nid.or.kr,2018-09-12,1.0,11.0,1.0,"{""행정인력"": 1, ""작업치료사"": 2, ""물리치료사"": 1}",광주광역시 동구보건소,심옥선,062-608-3490,6,치매예방관리(조기검진 | 예방교육 | 인식개선) | 치매등록관리(상담 | 사례관리 | 프로그램),파일1+파일2
C0064,광주광역시북구치매안심센터,광주광역시,북구,치매안심센터,광주광역시 북구 북문대로 234(동림동) 북구치매안심센터 2층,61217.0,35.18696695,126.8668768,062-410-8124,062-510-1447,gjbukgu.nid.or.kr,2019-09-06,1.0,13.0,1.0,"{""행정인력"": 2, ""기타"": 1}",광주광역시 북구 보건소,김은숙,062-410-8124,4,치매조기검진 | 치매치료비지원 | 조호물품 지원 | 인식표배부 등,파일1+파일2
C0065,광주광역시서구치매안심센터,광주광역시,서구,치매안심센터,광주 서구 상무대로884번길 17-20 (쌍촌동),61990.0,35.14885739,126.860335,062-350-4759,062-371-0093,gjseogu.nid.or.kr,2017-12-01,1.0,11.0,1.0,"{""행정인력"": 5, ""기타"": 1, ""임상심리사"": 2, ""작업치료사"": 1}",광주광역시 서구 치매안심센터,이원구,062-350-4759,4,치매조기검진 | 치료관리비 지원 | 치매환자맞춤형사례관리 | 치매인식개선홍보캠페인등,파일1+파일2
C0066,대전광역시대덕구치매안심센터,대전광역시,대덕구,치매안심센터,"대전 대덕구 동춘당로 187 (법동, 법2동행정복지센터) 3층",34406.0,36.36720767,127.4308386,042-608-5426,042-608-3851,daedeok.nid.or.kr,2018-07-20,1.0,13.0,1.0,"{""작업치료사"": 1, ""임상심리사"": 1}",대전광역시 대덕구보건소,이석우,042-608-5426,1,"무료 치매검사, 치매 가족교육, 치매 예방교육, 치매 인지교실, 조호물품 제공 등",파일1+파일2
C0067,대전광역시동구치매안심센터,대전광역시,동구,치매안심센터,"대전 동구 현암로 22 (삼성동) 2, 3층",34563.0,36.34298696,127.4204617,042-621-6011,042-625-6077,djdonggu.nid.or.kr,2018-04-10,0.0,8.0,4.0,"{""행정인력"": 6}",동구 보건소,안옥,042-621-6011,4,치매 조기검진 | 치매예방 및 인지강화 프로그램 | 치매환자 조호물품 등 지원 | 환자가족 상담 및 힐링프로그램 등,파일1+파일2
C0068,대전광역시서구치매안심센터,대전광역시,서구,치매안심센터,"대전 서구 만년로 74 (만년동, 대전서구보건소) 서구보건소 5층(치매안심센터)",35203.0,36.36708849,127.3810998,042-288-4470,042-288-5934,djseogu.nid.or.kr,2018-04-24,1.0,11.0,4.0,{},서구보건소,박경용,042-288-4470,1,"상담, 등록,조기검진,1:1사례관리, 단기쉼터, 치매카페운영",파일1+파일2
C0069,대전광역시유성구치매안심센터,대전광역시,유성구,치매안심센터,대전 유성구 박산로 177 (구암동) 유성구보건소 2층,34174.0,36.35381247,127.3286409,042-611-5018,042-611-5110,yuseong.nid.or.kr,2018-05-31,0.0,6.0,3.0,"{""작업치료사"": 3, ""임상심리사"": 1}",유성구보건소,김주연,042-611-5018,4,치매조기검진 | 치매환자 인지프로그램 | 가족지원사업 | 치매극복의 날 기념행사 등,파일1+파일2
C0070,대전광역시중구치매안심센터,대전광역시,중구,치매안심센터,"대전 중구 중앙로 100 (대흥동, 중구청 제3별관 1층) 중구치매안심센터",34939.0,36.32557502,127.4212953,042-288-8180,042-288-8981,djjunggu.nid.or.kr,2018-08-20,1.0,4.0,1.0,{},중구보건소,구기희,042-288-8180,1,"상담, 등록,조기검진,1:1사례관리, 단기쉼터, 치매카페운영",파일1+파일2
C0071,울산광역시남구치매안심센터,울산광역시,남구,치매안심센터,"울산 남구 삼산중로 132 (삼산동, 울산남구보건소) 남구보건소 별관 치매안심센터",44698.0,35.54535764,129.3363283,052-226-2323,052-226-3227,ulsannamgu.nid.or.kr,2019-04-30,0.0,6.0,1.0,"{""임상심리사"": 1, ""작업치료사"": 4, ""임상병리사"": 1, ""기타"": 1}",남구보건소,공석,052-226-2323,5,상담 및 등록관리사업 | 조기검진사업 | 쉼터운영사업 | 가족지원사업 | 치매인식개선홍보사업,파일1+파일2
C0072,울산광역시동구치매안심센터,울산광역시,동구,치매안심센터,"울산 동구 봉수로 155 (화정동, 동구청) 보건소 1층 치매안심센터",44021.0,35.5050746,129.4164426,052-209-4060,052-209-4079,ulsandonggu.nid.or.kr,2018-08-01,1.0,8.0,1.0,"{""작업치료사"": 2}",울산광역시 동구보건소,박수환,052-209-4060,1,"치매예방 및 인지강화 프로그램, 돌봄 쉼터, 가족교실, 힐링프로그램, 가족 자조모임 운영",파일1+파일2
C0073,울산광역시북구치매안심센터,울산광역시,북구,치매안심센터,"울산 북구 산업로 1018 (연암동, 보건소) 지하1층, 지상1,2층 치매안심센터",44248.0,35.58355486,129.3607106,052-241-8257,052-241-8109,ulsanbukgu.nid.or.kr,2018-10-18,1.0,6.0,1.0,"{""작업치료사"": 3}",울산광역시 북구보건소,신수진,052-241-8257,3,치매 조기검진 | 치매환자 등록관리 | 교육지원,파일1+파일2
C0074,울산광역시울주군치매안심센터,울산광역시,울주,치매안심센터,울산 울주군 웅촌면 은현작동로 49 (검단리) 울주군 치매안심센터,44965.0,35.45690394,129.1768249,052-204-2878,052-204-2879,ulju.nid.or.kr,2018-05-30,,,,{},,,,0,,파일1
C0075,울산광역시중구치매안심센터,울산광역시,중구,치매안심센터,"울산 중구 외솔큰길 225 (남외동, 중구보건소) 2층",44495.0,35.56945595,129.3504156,052-290-4366,052-290-4389,ulsanjunggu.nid.or.kr,2018-10-24,0.0,9.0,1.0,"{""작업치료사"": 2, ""의무기록사"": 1, ""치위생사"": 1, ""시설관리"": 1}",울산광역시 중구보건소,이현주,052-290-4290,3,무료치매선별검사 | 치매예방 인지건강프로그램 | 치매예방 가족교육,파일1+파일2
C0076,세종특별자치시치매안심센터,세종특별자치시,세종시,광역치매센터,"세종특별자치시 조치원읍 대첩로 32 (신흥리, 세종특별자치시보건소) 별관2층 치매안심센터",30029.0,36.59626916,127.2928906,044-301-2311~2318,044-301-2319,sejongansim.nid.or.kr,2019-06-03,1.0,1.0,3.0,"{""작업치료사"": 2}",충남대학교병원,김정란,044-867-2851,4,치매 기획 | 연구 | 교육 | 기술지원사업(광역),파일1+파일2
C0077,경기도가평군치매안심센터,경기도,가평군,치매안심센터,"경기 가평군 가평읍 가화로 155-18 (읍내리, 가평군보건소) 가평군보건소",12413.0,37.83350281,127.510601,031-580-2849,031-580-2559,gp.nid.or.kr,2018-12-26,1.0,5.0,1.0,"{""작업치료사"": 2}",가평군보건소,장우진,031-580-2849,6,맞춤형사례관리 | 인지강화 및 치매예방교실 | 단기쉼터운영 | 치매파트너 및 파트너플러스 양성 | 치매가족지지프로그램 | 인식강화 등,파일1+파일2
C0078,경기도고양시덕양구치매안심센터,경기도,고양시 덕양구,치매안심센터,경기 고양시 덕양구 은빛로 72 (화정동) 내일 꿈 제작소 B동 3층,10498.0,37.63718564,126.8361898,031-8075-4800,,deogyang.nid.or.kr,2018-07-20,,,,{},,,,0,,파일1
C0079,경기도고양시일산동구치매안심센터,경기도,고양시 일산동구,치매안심센터,경기 고양시 일산동구 중앙로 1100 (백석동) 별관 2층 치매안심센터,10421.0,37.64707633,126.7834627,031-8075-4850,031-8075-4886,ilsandonggu.nid.or.kr,2018-04-25,,,,{},,,,0,,파일1
C0080,경기도고양시일산서구치매안심센터,경기도,고양시 일산서구,치매안심센터,"경기 고양시 일산서구 일중로 54 (일산동, 일산서구보건소) 일산서구보건소 2층 치매안심센터",10340.0,37.68447523,126.7757855,031-8075-4871,031-976-2043,goyangiss.nid.or.kr,2018-05-23,,,,{},,,,0,,파일1
C0081,경기도과천시치매안심센터,경기도,과천시,치매안심센터,"경기 과천시 관문로 69 (중앙동, 과천시청) 과천시보건소 별관1층",13806.0,37.43022157,126.9867975,02-2150-3574,02-2150-1542,ghc.nid.or.kr,2020-09-11,1.0,5.0,1.0,"{""작업치료사"": 3, ""임상심리사"": 1}",과천시보건소,류정현,02-2150-3596,15,치매상담 | 등록관리 | 조기검진 | 단기쉼터운영 | 가족지원 | 실종예방지원 | 인식개선사업 | 조호물품 및 치매치료관리비 지원 | 치매예방교실 | 치매가족교실 | 치매파트너교육 | 치매공공후견인 발굴 | 치매안심마을 | 맞춤형사례관리 | 고위험군 인지강화교실 운영 등,파일1+파일2
C0082,경기도광명시치매안심센터,경기도,광명시,치매안심센터,"경기 광명시 소하로 196 (소하동, 광명노인건강센터) 3층 치매안심센터",14322.0,37.44656741,126.894916,02-2680-5830,,gm.nid.or.kr,2018-07-24,1.0,16.0,1.0,"{""작업치료사"": 1, ""행정인력"": 1}",광명시치매안심센터,이현숙,02-2680-5830,5,치매조기검진 | 치매극복의날 기념행사 | 치매서포터즈양성 | 치매안심마을 운영 | 치매인지프로그램운영 등,파일1+파일2
C0083,경기도광주시치매안심센터,경기도,광주시,치매안심센터,"경기 광주시 초월읍 경충대로 1009-40 (쌍동리, 동부건강센터) 2층",12736.0,37.36884855,127.3027557,031-762-8756,031-760-1454,gjcity.nid.or.kr,2018-11-15,0.0,7.0,5.0,"{""작업치료사"": 1}",광주시보건소,조정호,031-760-8719,3,치매 조기검진 | 인지강화 프로그램 | 치매예방교실 등 치매 예방관리 통합서비스 제공,파일1+파일2
C0084,경기도구리시치매안심센터,경기도,구리시,치매안심센터,"경기 구리시 건원대로34번길 84 (인창동, 구리보건소) 4층(구리시 치매안심센터)",11922.0,37.60473625,127.1450794,031-550-8642,031-550-2700,guri.nid.or.kr,2019-03-18,1.0,7.0,1.0,"{""행정인력"": 1, ""임상심리사"": 2, ""작업치료사"": 3, ""기타"": 1}",경기도 구리시보건소,김은주,031-550-8313,7,치매쉼터 운영 | 치매조기검진 | 인지재활프로그램 운영 | 가족카페 운영 | 치매공공후견사업 | 치매환자지원서비스 | 치매극복의날 기념행사,파일1+파일2
C0085,경기도군포시치매안심센터,경기도,군포시,치매안심센터,"경기 군포시 산본로 329 (산본동, 경원빌딩) 8층",15865.0,37.36002061,126.9330897,031-389-4988,031-427-5629,gunpo.nid.or.kr,2018-05-15,0.0,10.0,4.0,{},군포시보건소,,031-389-4988,9,무료 치매검사 | 치매예방프로그램 | 치매환자쉼터 | 치매가족지원프로그램 | 조호물품 지원 | 치매치료관리비 지원 | 치매환자 실종예방 | 치매안심마을 운영 | 치매 인식개선,파일1+파일2
C0086,경기도김포시치매안심센터,경기도,김포시,치매안심센터,"경기 김포시 사우중로73번길 52 (북변동, 래미안 프라자) 4층",10097.0,37.62308177,126.7211346,031-5186-4170,031-981-8983,gimpo.nid.or.kr,2018-05-30,2.0,8.0,1.0,"{""작업치료사"": 3, ""기타"": 1}",김포시 치매안심센터,구영미,031-5186-4169,6,치매선별검사 | 치매예방 및 인지저하 프로그램 | 치매극복 선도학교 운영 | 치매치료관리비 | 치매공공후견인 | 조호물품제공,파일1+파일2
C0087,경기도남양주시치매안심센터,경기도,남양주시,치매안심센터,"경기 남양주시 경춘로 522 (다산동, 남양주시청제2청사) 남양주보건소 2층",12284.0,37.61024303,127.1719612,031-590-8700,031-590-8129,nyj.nid.or.kr,2018-03-15,1.0,5.0,1.0,"{""작업치료사"": 3, ""임상심리사"": 1}",남양주보건소,정태식,031-590-8700,5,치매조기검진 | 치매환자쉼터 | 치매가족지원 | 치매예방관리 | 치매인식개선,파일1+파일2
C0088,경기도남양주시풍양치매안심센터,경기도,남양주시 풍양,치매안심센터,"경기 남양주시 진접읍 금강로 1509-26 (장현리, 진접읍사무소) 진접오남행정복지센터 복지동 2층",12009.0,37.72632836,127.189863,031-590-8381,031-590-6999,nyjpungyang.nid.or.kr,2018-07-30,,,,{},,,,0,,파일1
C0089,경기도동두천시치매안심센터,경기도,동두천시,치매안심센터,경기 동두천시 거북마루로 49 (생연동) 동두천시 보건소 별관 1층,11344.0,37.89626429,127.0516304,031-860-3395,,ddc.nid.or.kr,2019-12-19,0.0,4.0,3.0,"{""행정인력"": 2, ""작업치료사"": 1}",동두천시 보건소,전명옥,031-860-3395,4,"치매조기검사(선별검사,진단검사,감별검사) | 치매예방교육 | 인지강화프로그램 | 치매환자및가족지원프로그램 등",파일1+파일2
C0090,경기도부천시원미치매안심센터,경기도,부천시 원미구,치매안심센터,"경기 부천시 원미구 길주로 410 (춘의동, 치매안심센터) 부천시치매안심센터",14555.0,37.50365381,126.7880109,032-625-9840,032-625-9859,bucheon.nid.or.kr,2019-12-23,,,,{},,,,0,,파일1
C0091,경기도성남시분당구치매안심센터,경기도,성남시 분당구,치매안심센터,"경기도 성남시 분당구 내정로94 (정자동, 한솔마을 주공7단지 아파트) 711동 1층 분당구치매안심센터",13607.0,37.3673875,127.1155094,031-729-8783,031-729-4569,bdseongnam.nid.or.kr,2018-08-01,,,,{},,,,0,,파일1
C0092,경기도성남시수정구치매안심센터,경기도,성남시 수정구,치매안심센터,"경기 성남시 수정구 수정로 218 (신흥동, 수정구보건소) 3층 수정구치매안심센터",13346.0,37.44432902,127.1440618,031-729-3879,031-729-8676,shseongnam.nid.or.kr,2018-07-02,,,,{},,,,0,,파일1
C0093,경기도성남시중원구치매안심센터,경기도,성남시 중원구,치매안심센터,"경기 성남시 중원구 금상로 137 (상대원동, 노인보건센터, 중원구보건소) 노인보건센터 4층 치매안심센터",13200.0,37.44215625,127.1705808,031-739-3030,031-739-3904,jhseongnam.nid.or.kr,2017-12-26,,,,{},,,,0,,파일1
C0094,경기도수원시권선구치매안심센터,경기도,수원시 권선구,치매안심센터,"경기 수원시 권선구 호매실로 22-50 (탑동, 권선구보건소) 권선구보건소 1층",16626.0,37.2587428,126.9711297,031-5191-0425,031-369-2124,gwonseon.nid.or.kr,2019-07-16,,,,{},,,,0,,파일1
C0095,경기도수원시영통구치매안심센터,경기도,수원시 영통구,치매안심센터,"경기 수원시 영통구 영통로 396 (영통동, 영통구보건소) 영통구치매안심센터 3층, 5층",16703.0,37.2568828,127.0697108,031-5191-0824,031-5191-8818,yeongtong.nid.or.kr,2018-01-01,,,,{},,,,0,,파일1
C0096,경기도수원시장안구치매안심센터,경기도,수원시 장안구,치매안심센터,"경기 수원시 장안구 송원로 101 (조원동, 장안보건소) 1층 치매안심센터,2층치매안심센터",16295.0,37.30409473,127.0104007,031-5191-0230,031-369-2502,jangan.nid.or.kr,2018-10-12,,,,{},,,,0,,파일1
C0097,경기도수원시팔달구치매안심센터,경기도,수원시 팔달구,치매안심센터,"경기 수원시 팔달구 팔달산로 6 (교동, 팔달구 보건소) 2층 치매안심센터",16463.0,37.27149964,127.0125182,031-5191-0630,031-369-4542,paldal.nid.or.kr,2019-06-26,,,,{},,,,0,,파일1
C0098,경기도시흥시치매안심센터,경기도,시흥시,치매안심센터,경기도 시흥시 호현로 55 (대야동) 시흥보건소 5층 시흥시치매안심센터,14978.0,37.44553633,126.7853141,031-310-6065,031-380-5364,sh.nid.or.kr,2017-09-28,0.0,8.0,1.0,"{""작업치료사"": 2, ""송영인력"": 1}",시흥시보건소,이형정,031-310-5857,4,치매조기검진 | 치매의료비 및 검진비 지원 | 치매예방교육 | 치매환자쉼터 및 가족지원사업 등,파일1+파일2
C0099,경기도안산시단원구치매안심센터,경기도,안산시 단원구,치매안심센터,"경기도 안산시 단원구 화랑로 250, 단원보건소 3층 (초지동)",15396.0,37.32106776,126.8152629,031-481-6541,031-481-2565,danwon.nid.or.kr,2018-03-28,,,,{},,,,0,,파일1
C0100,경기도안산시상록구치매안심센터,경기도,안산시 상록구,치매안심센터,"경기 안산시 상록구 차돌배기로1길 5 (사동, 상록수보건소) 상록수보건소 3층",15585.0,37.30026456,126.8450634,031-481-5848,031-481-3783,sangroksoo.nid.or.kr,2018-05-15,,,,{},,,,0,,파일1
C0101,경기도안성시치매안심센터,경기도,안성시,치매안심센터,"경기 안성시 강변로74번길 18 (도기동, 안성시보건소) 1층 치매안심센터",17596.0,37.00016961,127.2698131,031-678-3002,031-678-5919,anseong.nid.or.kr,2018-12-21,0.0,8.0,5.0,"{""작업치료사"": 4, ""임상심리사"": 1, ""행정인력"": 2}",안성시 보건소,신형진,031-678-3002,8,치매조기검진 | 환자등록 | 맞춤형 사례관리 | 치매쉼터 운영 | 치매예방교실 | 가족교육 | 치매치료관리비지원 | 실종예방 지문등록 및 배회인식표 발급 등,파일1+파일2
C0102,경기도안양시동안구치매안심센터,경기도,안양시 동안구,치매안심센터,경기 안양시 동안구 관악대로 375 (관양동) 동안치매안심센터,13939.0,37.40479042,126.9645299,031-8045-6801,031-8045-6577,dongan.nid.or.kr,2018-01-01,,,,{},,,,0,,파일1
C0103,경기도안양시만안구치매안심센터,경기도,안양시 만안구,치매안심센터,"경기 안양시 만안구 문예로 48 (안양동, 만안구보건소) 6층 치매안심센터",14035.0,37.38584733,126.9329445,031-8045-3150,031-8045-6575,manan.nid.or.kr,2019-04-08,,,,{},,,,0,,파일1
C0104,경기도양주시치매안심센터,경기도,양주시,치매안심센터,경기 양주시 화합로1426번길 90 (덕정동) 양주체육복지센터 5층,11451.0,37.83814181,127.068036,031-8082-7147,0505-041-1961,yangju.nid.or.kr,2019-05-15,1.0,9.0,1.0,"{""작업치료사"": 1, ""행정인력"": 1}",양주시보건소,김정은,031-8082-7147,6,치매조기검진 | 치매예방프로그램 | 치매환자 쉼터 | 치매가족지원사업 | 치매약제비 지원 | 조호용품등 지원,파일1+파일2
C0105,경기도양평군치매안심센터,경기도,양평군,치매안심센터,"경기 양평군 양평읍 중앙로111번길 34-21 (공흥리, 양평군 치매안심센터 및 정신건강복지센터) 1층 양평군치매안심센터",12550.0,37.49662351,127.5051583,031-771-5773,031-770-2848,yangpyeong.nid.or.kr,2018-12-01,0.0,6.0,6.0,"{""행정인력"": 3, ""작업치료사"": 5}",양평군보건소,배명석,031-771-5773,2,치매조기검진 | 치매환자지원사업 등,파일1+파일2
C0106,경기도여주시치매안심센터,경기도,여주시,치매안심센터,경기 여주시 여흥로160번길 12 (상동) 치매안심센터(1층),12628.0,37.29477832,127.6399084,031-887-3685,031-887-3610,yeoju.nid.or.kr,2018-01-02,1.0,6.0,1.0,"{""작업치료사"": 1}",경기도 여주시보건소,,031-887-3685,4,예방프로그램 | 쉼터 | 치매인식개선사업 | 조기검진사업,파일1+파일2
C0107,경기도연천군치매안심센터,경기도,연천군,치매안심센터,"경기 연천군 전곡읍 은대성로 95 (은대리, 연천군보건의료원) 4층 치매안심센터",11027.0,38.02353355,127.0609624,031-839-4083,031-839-4169,yeoncheon.nid.or.kr,2018-07-27,0.0,3.0,3.0,"{""작업치료사"": 1, ""행정인력"": 2}",연천군보건의료원,윤승원,031-839-4165,3,치매조기검진 | 치매치료비지원 | 치매예방관리사업 등,파일1+파일2
C0108,경기도오산시치매안심센터,경기도,오산시,치매안심센터,"경기 오산시 경기대로 307 (오산동, 중앙동행정복지센터) 3층 치매안심센터",18135.0,37.15235202,127.0732064,031-8036-6611,031-8036-8924,osan.nid.or.kr,2018-07-02,1.0,8.0,2.0,"{""작업치료사"": 3, ""행정인력"": 3}",오산시보건소,김태숙,031-8036-6633,7,치매환자 등록관리 | 치매조기검사 | 치매극복의날 기념행사 | 치매예방프로그램 | 인지재활프로그램 | 가족헤아림교실 | 치매안심마을운영 등,파일1+파일2
C0109,경기도용인시기흥구치매안심센터,경기도,용인시 기흥구,치매안심센터,"경기 용인시 기흥구 신갈로58번길 11 (신갈동, 신갈동주민센터및기흥구보건소) 2층,4층",16969.0,37.27257613,127.1064466,031-6193-0410,031-6193-0369,giheung.nid.or.kr,2018-09-20,,,,{},,,,0,,파일1
C0110,경기도용인시수지구치매안심센터,경기도,용인시 수지구,치매안심센터,"경기 용인시 수지구 포은대로 435 (풍덕천동, 수지구청, 보건소) 수지구보건소 5층",16835.0,37.32217005,127.0968356,031-6193-0881,031-6193-0869,suji.nid.or.kr,2018-11-02,,,,{},,,,0,,파일1
C0111,경기도용인시처인구치매안심센터,경기도,용인시 처인구,치매안심센터,"경기 용인시 처인구 중부대로 1199 (삼가동, 용인시청) 처인구보건소 지하1층",17019.0,37.24101936,127.1778963,031-6193-0199,031-6193-0169,cheoingu.nid.or.kr,2018-09-17,,,,{},,,,0,,파일1
C0112,경기도의왕시치매안심센터,경기도,의왕시,치매안심센터,"경기 의왕시 오봉로 34 (고천동, 의왕시보건소) 3층 치매안심센터",16076.0,37.34378769,126.9719938,031-345-3853,031-345-2989,uiwang.nid.or.kr,2019-03-05,1.0,6.0,1.0,"{""작업치료사"": 4}",의왕시보건소,임인동,031-345-3851,11,치매조기검진사업 | 쉼터 운영 | 가족교실 | 인지강화교육 | 치매 치료비지원 | 치매인식개선 | 치매안심마을 운영 | 치매예방교육 | 조호물품지원 | 실종예방GPS 및 가스안심콕 제공 | 맞춤형 사례관리,파일1+파일2
C0113,경기도의정부시치매안심센터,경기도,의정부시,치매안심센터,"경기 의정부시 민락로 360 (낙양동, 송산3동 공공복합청사) 5층",11812.0,37.75318982,127.1137733,031-870-6158,,ujb.nid.or.kr,2018-11-22,0.0,5.0,0.0,"{""작업치료사"": 1, ""시설관리"": 1}",의정부시 보건소,장연국,031-870-6202,6,무료치매선별검사 | 치매상담 | 치매예방교육 | 재가치매환자 조호물품 지원 | 치매치료관리비 지원 | 치매 극복의 날 기념행사 등,파일1+파일2
C0114,경기도이천시치매안심센터,경기도,이천시,치매안심센터,경기 이천시 부악로 36 (중리동) 1층,17379.0,37.27310982,127.4333117,031-6190-7211,031-634-2745,icheon.nid.or.kr,2018-11-13,8.0,2.0,3.0,"{""작업치료사"": 2, ""치위생사"": 1}",이천시 보건소,한미연,031-6190-7211,9,치매조기검진사업 | 치매치료관리비지원사업 | 치매쉼터프로그램운영 | 치매환자가족(헤아림) 교육 및 자조모임운영 | 치매예방 홍보 교육 및 캠페인 | 치매파트너 모집 | 치매관련 정보제공 | 치매환자 배회인식표 제공 | 자원연계,파일1+파일2
C0115,경기도파주시치매안심센터,경기도,파주시,치매안심센터,"경기 파주시 조리읍 봉천로 68 (봉일천리, 파주시건강증진센터) 3층 치매안심센터",10937.0,37.74507907,126.8050112,031-940-3740,031-940-5139,paju.nid.or.kr,2018-07-11,1.0,15.0,2.0,"{""작업치료사"": 1, ""행정인력"": 3, ""기타"": 3}",파주시보건소,이한상,031-940-3740,2,치매인식개선 및 예방 | 조기검진사업,파일1+파일2
C0116,경기도평택시송탄치매안심센터,경기도,평택시 송탄,치매안심센터,"경기 평택시 서정로 295 (서정동, 송탄보건소) 송탄치매안심센터",17730.0,37.0657141,127.0664973,031-8024-7257,031-8024-7309,songtan.nid.or.kr,2019-11-20,,,,{},,,,0,,파일1
C0117,경기도평택시치매안심센터,경기도,평택시,치매안심센터,경기도 평택시 중앙1로56번길 25(비전동) 2층 치매안심센터,17901.0,36.9962511,127.0891907,031-8024-4399,031-8024-4439,pyeongtaek.nid.or.kr,2019-03-25,3.0,5.0,1.0,"{""행정인력"": 2, ""작업치료사"": 2, ""임상심리사"": 1}",경기도 평택시청 평택보건소,,031-8024-4399,4,치매조기검진사업 | 치매환자 프로그램 | 치매예방교육 및 인지재활 | 가족프로그램 운영 등,파일1+파일2
C0118,경기도포천시치매안심센터,경기도,포천시,치매안심센터,경기 포천시 삼육사로2186번길 11-15 (선단동) 2층 치매안심센터(선단보건지소 2층),11161.0,37.8534727,127.1593106,031-538-4831,031-538-4830,pocheon.nid.or.kr,2018-09-28,0.0,6.0,1.0,"{""작업치료사"": 3, ""행정인력"": 2}",경기도 포천시보건소,포천시보건소장,031-538-4831,2,치매검진 | 치매인지강화 프로그램,파일1+파일2
C0119,경기도하남시치매안심센터,경기도,하남시,치매안심센터,경기 하남시 미사강변대로 200 (망월동) 4층,12909.0,37.56763908,127.185541,031-790-6254,031-790-6439,hanam.nid.or.kr,2018-07-27,1.0,5.0,1.0,"{""임상병리사"": 1, ""치위생사"": 1, ""작업치료사"": 2}",하남시 치매안심센터,박강용,031-790-6254,1,"치매상담 및 등록관리사업, 치매조기검진, 예방관리사업 등",파일1+파일2
C0120,경기도화성시치매안심센터,경기도,화성시,치매안심센터,"경기 화성시 향남읍 3.1만세로 1055 (발안리, 화성시보건소) 1층 치매안심센터(치매관리실)",18596.0,37.12928157,126.9045557,031-5189-1080,031-5189-1403,hscity.nid.or.kr,2018-06-14,0.0,6.0,2.0,"{""송영인력"": 1}",경기도 화성시 서부보건소,곽매헌,031-5189-1080,4,치매조기검진사업 | 치매인식개선 및 예방사업 | 가족교육사업 | 맞춤형 사례관리사업,파일1+파일2
C0121,경기도부천시오정치매안심센터,경기도,부천시 오정구,치매안심센터,"경기 부천시 오정구 성오로 172 (오정동, 오정구청) 오정보건소 내(오정치매안심센터) 2층",14434.0,37.52834682,126.7960266,032-625-9881,032-625-9839,ojeong.nid.or.kr,2018-12-27,,,,{},,,,0,,파일1
C0122,경기도부천시소사치매안심센터,경기도,부천시 소사,치매안심센터,경기 부천시 소사구 소사본동 148-30 소사본동행정복지센터 2층,14757.0,37.47632789,126.7921576,032-625-9871,032-625-9879,sosa.nid.or.kr,2018-08-28,,,,{},,,,0,,파일1
C0123,강원특별자치도강릉시치매안심센터,강원특별자치도,강릉시,치매안심센터,"강원특별자치도 강릉시 남부로17번길 38 (내곡동, 강릉시보건소) 강릉시치매안심센터",25604.0,37.74284431,128.8827693,033-660-3048,033-640-4764,gn.nid.or.kr,2019-11-22,0.0,20.0,3.0,"{""기타"": 1, ""행정인력"": 1}",강릉시 보건소,,033-660-3048,5,등록관리 | 조기검진 | 예방관리 | 가족지원 | 인식개선 및 홍보,파일1+파일2
C0124,강원특별자치도고성군치매안심센터,강원특별자치도,고성군,치매안심센터,"강원특별자치도 고성군 간성읍 수성로 30 (신안리, 보건소) 고성군치매안심센터",24736.0,38.37767486,128.4720941,033-680-3798,033-680-3605,gwgs.nid.or.kr,2018-12-26,0.0,6.0,0.0,"{""작업치료사"": 4}",강원특별자치도 고성군보건소,김선미,033-680-3798,4,치매조기검진사업 | 쉼터 | 가족지지 | 인지재활 등,파일1+파일2
C0125,강원특별자치도동해시치매안심센터,강원특별자치도,동해시,치매안심센터,"강원특별자치도 동해시 발한로 227 (발한동, 묵호건강증진센터) 1층",25720.0,37.54951394,129.1081436,033-530-2426,033-530-2742,dh.nid.or.kr,2018-09-07,0.0,8.0,2.0,"{""행정인력"": 1, ""물리치료사"": 1, ""작업치료사"": 1, ""시설관리"": 1}",동해시치매안심센터,심재희,033-530-2426,6,조기검진 및 상담 | 치매치료관리비지원 | 조호물품지원 | 치매환자교실운영 | 치매가족교실운영 | 가족카페운영,파일1+파일2
C0126,강원특별자치도삼척시치매안심센터,강원특별자치도,삼척시,치매안심센터,"강원특별자치도 삼척시 척주로 76 (남양동, 삼척시보건소) 삼척시보건소 치매안심센터",25929.0,37.44393348,129.1720893,033-570-4327,033-570-4167,samcheok.nid.or.kr,2018-12-31,1.0,8.0,0.0,"{""물리치료사"": 1}",강원특별자치도 삼척시 보건소,이희숙,033-570-4327,4,치매조기검진 | 치매환자 등록관리 | 치매예방교실 | 치매환자 쉼터 운영 등,파일1+파일2
C0127,강원특별자치도속초시치매안심센터,강원특별자치도,속초시,치매안심센터,"강원특별자치도 속초시 수복로 36 (교동, 속초시보건소) 속초시치매안심센터",24855.0,38.19613278,128.5758059,033-639-3751,033-637-4007,sokcho.nid.or.kr,2018-12-27,1.0,6.0,1.0,"{""행정인력"": 2}",강원특별자치도 속초시 보건소,이상현,033-639-2071,8,치매조기검진 | 어울림 쉼터 인지재활 프로그램 | 인지강화 프로그램 | 경로당 치매예방 프로그램 | 치매가족  헤아림 프로그램 | 치매가족 헤아림 교육 | 자조모임 사랑회 운영 | 치매치료관리비 지원,파일1+파일2
C0128,강원특별자치도양구군치매안심센터,강원특별자치도,양구군,치매안심센터,"강원특별자치도 양구군 양구읍 관공서로 42 (하리, 양구군보건소) 치매안심센터 1층",24522.0,38.10997712,127.9892042,033-480-2820,033-482-9115,yanggu.nid.or.kr,2019-11-22,0.0,7.0,1.0,"{""작업치료사"": 1, ""행정인력"": 2, ""기타"": 1}",강원특별자치도 양구군 치매안심센터,주혜란,033-480-2823,3,치매환자 쉼터 | 치매 검진 | 사례관리,파일1+파일2
C0129,강원특별자치도양양군치매안심센터,강원특별자치도,양양군,치매안심센터,"강원특별자치도 양양군 양양읍 양양로 9-5 (연창리, 양양군보건소) 장애인회관및치매안심센터2층",25031.0,38.0778608,128.6274793,033-670-2496,033-670-2830,yangyang.nid.or.kr,2019-06-29,0.0,5.0,1.0,"{""작업치료사"": 2, ""행정인력"": 1}",양양군 보건소,신승주,033-670-2496,1,치매환자 등록관리/인지재활 프로그램/쉼터 프로그램,파일1+파일2
C0130,강원특별자치도영월군치매안심센터,강원특별자치도,영월군,치매안심센터,강원특별자치도 영월군 영월읍 하송로 46-43 (하송리) 영월군 치매안심센터,26234.0,37.18530428,128.4615282,033-370-5441,033-375-1700,ywbogun.nid.or.kr,2018-09-12,0.0,5.0,1.0,"{""작업치료사"": 2, ""행정인력"": 1}",강원특별자치도 영월군 보건소,호희남,033-370-5441,8,무료치매검사 | 맞춤형 사례관리 | 치매극복의 날 기념행사 | 치매파트너 양성 | 인지재활 프로그램 | 가족교실(헤아림) | 치매예방교실 | 치매극복주간 기념행사(인식개선 캠페인 등) 제공 등,파일1+파일2
C0131,강원특별자치도원주시치매안심센터,강원특별자치도,원주시,치매안심센터,"강원특별자치도 원주시 지니기길 11-20 (무실동, 치매안심센터) 1층",26395.0,37.32470166,127.9248416,033-737-4542,033-737-3855,wonju.nid.or.kr,2019-12-20,0.0,14.0,1.0,"{""행정인력"": 3, ""의무기록사"": 1, ""임상심리사"": 1, ""방사선사"": 1, ""치위생사"": 1, ""작업치료사"": 2}",원주시보건소(치매안심과),임영옥,033-737-4541,1,"치매조기검사  및 환자 등록, 맞춤형사례관리, 교육프로그램 운영등",파일1+파일2
C0132,강원특별자치도인제군치매안심센터,강원특별자치도,인제군,치매안심센터,"강원특별자치도 인제군 인제읍 인제로140번길 34 (남북리, 인제보건소) 2층 치매안심센터",24633.0,38.06325619,128.1685465,033-460-2523,033-460-2519,inje.nid.or.kr,2019-12-05,2.0,4.0,1.0,"{""행정인력"": 2, ""작업치료사"": 2}",인제군 보건소,허준용,033-460-2523,9,무료치매검사 | 경증치매환자단기쉼터운영 | 인지재활프로그램 | 정상군 치매예방교실 | 치매고위험군 인지강화교실 | 치매인식개선 | 기타 치매환자 조호물품 | 치매치료관리지지원 | 실종예방사업,파일1+파일2
C0133,강원특별자치도정선군치매안심센터,강원특별자치도,정선군,치매안심센터,"강원특별자치도 정선군 정선읍 녹송로 33 (봉양리, 정선군보건소) 지하1층 치매안심센터",26127.0,37.38009274,128.6714859,033-560-2914,,jeongseon.nid.or.kr,2019-11-30,0.0,6.0,1.0,"{""작업치료사"": 2}",정선군보건소,신애정,033-560-2565,8,치매상담 및 등록 | 치매조기검진사업 | 치매예방교실 | 치매환자쉼터 | 치매가족교실 | 치매치료비지원 | 치매환자조호물품지원 | 치매인식개선사업 등,파일1+파일2
C0134,강원특별자치도철원군치매안심센터,강원특별자치도,철원군,치매안심센터,"강원특별자치도 철원군 갈말읍 군탄로 16 (군탄리, 철원군보건소) 철원군보건소 2층 치매안심센터",24037.0,38.1481382,127.3025602,033-450-5105,033-450-5194,cwg.nid.or.kr,2018-12-12,0.0,3.0,3.0,"{""작업치료사"": 1, ""행정인력"": 2}",철원군보건소,보건소장,033-450-5105,9,치매어르신쉼터프로그램 | 농촌치유프로그램 | 치매조기검진 및 진단검사 | 치매예방교실프로그램 | 찾아가는경노당프로그램 | 분소운영 | 치매안심마을프로그램 | 치매인식개선캠페인 및 파트너양성교육 | 치매실종예방교실,파일1+파일2
C0135,강원특별자치도춘천시치매안심센터,강원특별자치도,춘천시,치매안심센터,"강원특별자치도 춘천시 스무숲길 4-46 치매안심센터 3,4층",24264.0,37.84600255,127.7469974,033-250-4004,033-250-4035,chuncheon.nid.or.kr,2019-06-28,0.0,12.0,3.0,"{""기타"": 3, ""작업치료사"": 1, ""시설관리"": 1, ""행정인력"": 6}",강원특별자치도 춘천시 보건소,손은진,033-250-4004,14,"치매검진 | 무료 조기검진 | 정밀검진비 지원 | 치매환자 치료비(약제비) 지원 | 조호물품(기저귀,물티슈) 지원 | 인식표 제공 | 배회감지기 지원 | 치매환자 단기쉼터 운영 | 치매환자 및 가족 지원 | 상담 및 교육 | 인지강화프로그램 | 치매예방프로그램 | 치매 극복의날 행사 | 인식개선 및 홍보",파일1+파일2
C0136,강원특별자치도태백시치매안심센터,강원특별자치도,태백시,치매안심센터,"강원특별자치도 태백시 태백로 905 (황지동, 보건소) 태백시 보건소 내 치매안심센터 1층",26027.0,37.17660158,128.992496,033-550-3042,033-550-2941,taebaek.nid.or.kr,2018-11-14,0.0,5.0,3.0,"{""행정인력"": 5}",태백시보건소,안상헌,033-550-3042,10,"환자쉼터 | 치매환자 가족 지지모임 | 치매조기검진(선별, 진단, 감별검사) | 치매환자 등록관리 | 맞춤형사례관리 | 환자 지원서비스(치료관리비, 조호물품제공) | 치매예방교실 | 이동 조기검진 | 치매파트너 양성 및 플러스 활동 | 실종예방지원서비스(인식표, 배회감지기, 지문사진등록사업) 등",파일1+파일2
C0137,강원특별자치도평창군치매안심센터,강원특별자치도,평창군,치매안심센터,강원특별자치도 평창군 평창읍 종부로 61 (종부리) 평창군치매안심센터,25377.0,37.36049167,128.3888512,033-330-4900,033-330-4809,pyeongchang.nid.or.kr,2019-06-21,0.0,4.0,3.0,{},평창군보건의료원,평창군수,033-330-4900,4,치매환자 쉼터프로그램 | 치매가족헤아림프로그램 | 치매예방인지재활프로그램 | 치매재가환자방문인지재활프로그램,파일1+파일2
C0138,강원특별자치도홍천군치매안심센터,강원특별자치도,홍천군,치매안심센터,강원특별자치도 홍천군 홍천읍 홍천로1길 9 (희망리) 홍천군치매안심센터,25135.0,37.68991786,127.87554,033-430-4055,033-430-4019,hongcheon.nid.or.kr,2019-11-07,0.0,7.0,4.0,"{""치위생사"": 1, ""작업치료사"": 2, ""행정인력"": 10}",홍천군보건소,원은숙,033-430-4055,5,무료 치매조기검진 | 치매환자 및 가족 지원 프로그램 | 치매환자 치료비 지원 | 치매환자 돌봄 물품지원 | 치매인식개선사업 등,파일1+파일2
C0139,강원특별자치도화천군치매안심센터,강원특별자치도,화천군,치매안심센터,"강원특별자치도 화천군 화천읍 강변로 111 (중리, 화천군보건의료원) 화천군치매안심센터",24119.0,38.10738275,127.709078,033-440-2809,033-440-4841,ihc.nid.or.kr,2018-12-18,0.0,13.0,0.0,"{""작업치료사"": 1}",화천군 보건의료원,이재성,033-440-2809,3,치매검사 | 원격진료 | 주간재활프로그램 운영,파일1+파일2
C0140,강원특별자치도횡성군치매안심센터,강원특별자치도,횡성군,치매안심센터,"강원특별자치도 횡성군 횡성읍 횡성로 379 (읍하리, 횡성보건소) 횡성군치매안심센터",25234.0,37.48709552,127.9844168,033-340-5653,033-340-5608,hsg.nid.or.kr,2019-11-08,1.0,7.0,1.0,"{""작업치료사"": 2, ""행정인력"": 3}",횡성군보건소,김영대,033-340-5653,1,인지재활프로그램,파일1+파일2
C0141,충청북도괴산군치매안심센터,충청북도,괴산군,치매안심센터,"충북 괴산군 괴산읍 동진천길 43 (동부리, 괴산군보건소) 괴산군치매안심센터",28033.0,36.80799723,127.7966873,043-830-2392,043-830-2939,goesan.nid.or.kr,2019-10-10,0.0,6.0,1.0,{},괴산군치매안심센터,김미경,043-830-2392,4,치매선별검사 | 치매진단검사 | 가족교실 | 인지교실 등,파일1+파일2
C0142,충청북도단양군치매안심센터,충청북도,단양군,치매안심센터,"충북 단양군 단양읍 삼봉로 53 (상진리, 단양군 보건소) 1층",27013.0,36.98163017,128.3502974,043-420-3312,043-421-3397,danyang.nid.or.kr,2018-11-12,0.0,2.0,2.0,"{""기타"": 6}",충청북도 단양군 보건소,임은주,043-420-3201,1,인지재활,파일1+파일2
C0143,충청북도보은군치매안심센터,충청북도,보은군,치매안심센터,"충북 보은군 보은읍 임업길 22 (삼산리, 치매안심센터) 보은군치매안심센터",28943.0,36.48704913,127.7155559,043-540-5642,043-544-2573,boeun.nid.or.kr,2019-06-24,0.0,8.0,4.0,"{""치위생사"": 1, ""물리치료사"": 1, ""영양사"": 1, ""임상심리사"": 1}",보은군치매안심센터,홍종란,043-540-5642,3,인지재활프로그램 | 예방프로그램 | 쉼터운영,파일1+파일2
C0144,충청북도영동군치매안심센터,충청북도,영동군,치매안심센터,"충북 영동군 영동읍 반곡동길 7 (매천리, 영동군보건소)",29150.0,36.16849628,127.7759673,043-740-5946,043-743-4000,yd21.nid.or.kr,2018-12-28,1.0,4.0,1.0,"{""임상심리사"": 1, ""작업치료사"": 2, ""행정인력"": 3}",영동군보건소,박한석,043-740-5941,3,치매예방교실 | 인지강화교실 | 쉼터,파일1+파일2
C0145,충청북도옥천군치매안심센터,충청북도,옥천군,치매안심센터,"충북 옥천군 옥천읍 가화4길 18 (금구리, 옥천군 치매안심센터) 옥천군치매안심센터",29034.0,36.30508449,127.5612309,043-730-2158,043-733-7161,oc.nid.or.kr,2019-06-07,0.0,5.0,0.0,"{""기타"": 5}",옥천군치매안심센터,박성희,043-730-2158,3,치매조기검진 | 치매환자 및 가족지원사업 | 치매인식개선 홍보 및 교육,파일1+파일2
C0146,충청북도음성군치매안심센터,충청북도,음성군,치매안심센터,"충북 음성군 음성읍 중앙로 49 (읍내리, 음성보건소) 음성군 치매안심센터",27705.0,36.92883979,127.6888781,043-871-2971,043-871-1950,eumseong.nid.or.kr,2019-08-30,1.0,3.0,2.0,"{""작업치료사"": 1, ""임상심리사"": 1, ""기타"": 1}",음성군보건소,구미숙,043-871-2971,4,치매인식개선사업 | 치매조기검진 | 치매극복의 날 기념행사 | 치매예방 및 관리 프로그램 운영 등,파일1+파일2
C0147,충청북도제천시치매안심센터,충청북도,제천시,치매안심센터,충북 제천시 의림대로 242 (청전동) 4층,27152.0,37.1493417,128.2160865,043-641-3058,043-641-3039,jecheon.nid.or.kr,2018-12-19,0.0,9.0,1.0,"{""작업치료사"": 1, ""임상심리사"": 1, ""의무기록사"": 1}",제천시보건소,안순덕,043-641-3058,1,"치매조기검진, 치매예방 및 인지강화 프로그램, 치매환자지원(쉼터, 치료비, 조호물품 등), 치매인식개선홍보 및 치매파트너 양성 등",파일1+파일2
C0148,충청북도증평군치매안심센터,충청북도,증평군,치매안심센터,"충북 증평군 증평읍 보건복지로 64-1 (내성리, 증평군보건소) 2층 치매안심센터",27948.0,36.77424621,127.586726,043-835-4782,,jp.nid.or.kr,2018-08-09,0.0,3.0,1.0,"{""임상심리사"": 1, ""작업치료사"": 1, ""기타"": 4}",충청북도 증평군 보건소,조미정,043-835-4782,6,치매 기억력 검진 | 치매환자 인지재활 프로그램 | 치매환자 가족교실 | 자조모임 | 치매 예방교육 | 치매안심마을 조성,파일1+파일2
C0149,충청북도진천군치매안심센터,충청북도,진천군,치매안심센터,충북 진천군 덕산읍 연미로 29 (두촌리) 진천군치매안심센터,27876.0,36.89921785,127.5288313,043-539-7782,,jincheon.nid.or.kr,2018-11-22,0.0,5.0,2.0,"{""임상심리사"": 1, ""치위생사"": 1, ""영양사"": 1, ""임상병리사"": 1}",충청북도 진천군,허선미,043-539-7782,7,치매환자쉼터운영 | 치매극복의 날 행사 | 치매예방수칙 및 예방운동 알림 | 치매파트너 양성 | 치메안심마을 | 치매안심등불 | 찾아가는 기억지키미 운영 등,파일1+파일2
C0150,충청북도청주시상당구치매안심센터,충청북도,청주시 상당구,치매안심센터,충북 청주시 상당구 남일면 단재로 480 (효촌리) 상당보건소 치매안심센터,28806.0,36.58826888,127.5059436,043-201-4300,043-201-4319,sangdang.nid.or.kr,2018-12-31,,,,{},,,,0,,파일1
C0151,충청북도청주시서원구치매안심센터,충청북도,청주시 서원구,치매안심센터,"충북 청주시 서원구 구룡산로 235 (수곡동, 위너스빌딩) 3층 치매안심센터",28688.0,36.6160235,127.4713305,043-201-3720,,seowon.nid.or.kr,2018-10-10,,,,{},,,,0,,파일1
C0152,충청북도청주시청원구치매안심센터,충청북도,청주시 청원구,치매안심센터,"충북 청주시 청원구 오창읍 과학산업3로 238 (각리, 청원보건소) 치매안심센터",28125.0,36.71040635,127.4304713,043-201-4361,043-201-4379,cheongwon.nid.or.kr,2018-08-20,,,,{},,,,0,,파일1
C0153,충청북도청주시흥덕구치매안심센터,충청북도,청주시 흥덕구,치매안심센터,"충북 청주시 흥덕구 대농로 88 (복대동, 흥덕보건소 본관) 2층",28426.0,36.64147861,127.4315238,043-201-4320,,heungdeok.nid.or.kr,2018-08-20,,,,{},,,,0,,파일1
C0154,충청북도충주시치매안심센터,충청북도,충주시,치매안심센터,"충북 충주시 사직산21길 34 (문화동, 충주시 건강복지타운) 2층 치매안심센터",27408.0,36.97086234,127.9280544,043-850-1781,043-850-3509,chungju.nid.or.kr,2019-07-02,0.0,10.0,2.0,"{""작업치료사"": 3, ""물리치료사"": 2, ""행정인력"": 2}",충주시보건소,정상구,043-850-1780,1,"치매조기검진,맞춤형사례관리,치매환자쉼터운영,가족교실운영,치매예방프로그램운영",파일1+파일2
C0155,충청남도계룡시치매안심센터,충청남도,계룡시,치매안심센터,"충남 계룡시 장안로 54 (금암동, 계룡시보건소) 치매안심센터 1층",32823.0,36.2730574,127.2500264,042-840-3681,,gyeryong.nid.or.kr,2018-11-12,0.0,3.0,0.0,"{""작업치료사"": 1, ""행정인력"": 3}",계룡시보건소,임방원,042-840-3681,1,무료치매검사,파일1+파일2
C0156,충청남도공주시치매안심센터,충청남도,공주시,치매안심센터,충남 공주시 옛군청뒷길 8 (교동) 치매안심센터,32542.0,36.45701715,127.1201721,041-840-3315,041-852-8159,gongju.nid.or.kr,2018-03-21,0.0,12.0,2.0,"{""작업치료사"": 4, ""행정인력"": 7}",공주시보건소,공주시보건소장(김기남),041-840-3315,15,치매조기검진 | 치매노인 지문등록 | 치매치료관리비 지원 | 조호물품(위생물품) 제공 | 치매예방교실 | 인지강화교실 | 인지재활프로그램 | 기타 인지자극 프로그램 | 헤아림 가족교실 | 치매가족 힐링 프로그램 | 치매공공후견 사업 | 치매어르신주간보호소 운영(위탁) | 치매안심마을 운영 | 치매인식 개선과 교육 및 홍보 사업 | 배회가능 어르신 인식표 발급 및 GPS 운영,파일1+파일2
C0157,충청남도금산군치매안심센터,충청남도,금산군,치매안심센터,"충남 금산군 금산읍 비범1길 5 (중도리, 치매안심센터)",32725.0,36.10952067,127.4934491,041-750-4460,041-751-4178,geumsan.nid.or.kr,2018-12-11,0.0,8.0,5.0,"{""기타"": 3}",금산군보건소,채기주,041-750-4460,6,치매상담 | 등록관리 | 조기검진 | 인지재활프로그램 | 치매치료관리비지원 | 치매주간보호센터 운영 등,파일1+파일2
C0158,충청남도논산시치매안심센터,충청남도,논산시,치매안심센터,충남 논산시 논산대로 408 (관촉동) 논산시 치매안심센터,32993.0,36.19653553,127.1047397,041-746-6921,041-746-8129,nonsan.nid.or.kr,2018-11-26,0.0,11.0,3.0,"{""임상심리사"": 2}",논산시보건소,김배현,041-746-6921,5,치매조기검진 | 치매예방교육 | 치매환자등록관리 | 치매환자 가족교실 및 자조모임 | 치매환자 쉼터운영 등,파일1+파일2
C0159,충청남도당진시치매안심센터,충청남도,당진시,치매안심센터,"충남 당진시 서부로 56 (채운동, 당진시보건소) 치매안심센터 1층",31777.0,36.88735969,126.6304725,041-360-6269,041-360-6029,dangjin.nid.or.kr,2018-12-17,1.0,6.0,2.0,{},당진시보건소,,041-360-6269,1,"치매 상담 및 등록관리 사업, 치매 조기검진 사업, 치매 예방관리 사업, 치매환자 관리 지원사업, 치매 가족 및 보호자 지원사업, 치매인식개선 및 교육홍보 사업, 치매안심마을 운영, 치매 주간보호소 운영",파일1+파일2
C0160,충청남도보령시치매안심센터,충청남도,보령시,치매안심센터,충남 보령시 대천로 119 (죽정동),33439.0,36.35633335,126.6045349,041-930-6871,041-931-7292,brcn.nid.or.kr,2018-08-27,0.0,13.0,1.0,"{""작업치료사"": 2, ""임상심리사"": 1}",충청남도 보령시,전경희,041-930-6871,5,건강체조 | 공예 | 웃음치료 | 노래교실 | 요리 등,파일1+파일2
C0161,충청남도부여군치매안심센터,충청남도,부여군,치매안심센터,"충남 부여군 부여읍 성왕로 205 (구아리, 부여군 보건소) 3층",33140.0,36.28293864,126.9094144,041-830-8740,041-830-8700,buyeo.nid.or.kr,2018-07-25,0.0,10.0,3.0,"{""작업치료사"": 2}",충청남도 부여군보건소,,041-830-8727,6,치매노인 등록 및 관리 | 치매노인 및 보호자에 대한 상담 지원 | 치매조기검진 | 치매치료관리비 지원 및 치매환자 사례관리 | 치매인지재활 프로그램 | 치매가족교실 및 자조모임 등,파일1+파일2
C0162,충청남도서산시치매안심센터,충청남도,서산시,치매안심센터,"충남 서산시 호수공원6로 6 (예천동, 서산시보건소) 서산시치매안심센터",31997.0,36.77457758,126.4445147,041-661-6598,041-661-8119,seosan.nid.or.kr,2018-08-24,0.0,6.0,4.0,"{""작업치료사"": 3, ""치위생사"": 1}",충청남도 서산시,,041-661-6571,4,치매조기검진 | 치매안심센터프로그램 운영 | 치매환자 맞춤형 사례관리 | 치매환자 조호물품 및 치매치료관리비 지원,파일1+파일2
C0163,충청남도서천군치매안심센터,충청남도,서천군,치매안심센터,충남 서천군 서천읍 사곡길 20-2 (군사리) 서천군 치매안심센터,33638.0,36.0817289,126.6887353,041-950-6741,,seocheon.nid.or.kr,2018-11-01,0.0,12.0,1.0,{},서천군보건소,나성구,041-950-6741,4,치매환자등록관리사업 | 치매조기검진사업 | 치매치료비지원사업 | 치매환자쉼터,파일1+파일2
C0164,충청남도아산시치매안심센터,충청남도,아산시,치매안심센터,"충남 아산시 번영로216번길 18 (모종동, 아산시보건소) 별관 2, 3층",31521.0,36.78291637,127.0140532,041-537-3474,041-537-3349,asan.nid.or.kr,2018-11-30,0.0,13.0,1.0,"{""작업치료사"": 1}",충청남도 아산시,최원경,041-537-3474,3,쉼터운영(인지재활 | 인지강화 | 치매예방프로그램),파일1+파일2
C0165,충청남도예산군치매안심센터,충청남도,예산군,치매안심센터,"충남 예산군 예산읍 군청로 22 (예산리, 예산군청) 보건소 5층",32435.0,36.68088045,126.8448499,041-339-6122,041-339-6009,yesan.nid.or.kr,2018-11-08,1.0,11.0,1.0,{},예산군보건소,최승묵,041-339-6140,1,기억이음 청춘학교,파일1+파일2
C0166,충청남도천안시동남구치매안심센터,충청남도,천안시 동남구,치매안심센터,"충남 천안시 동남구 버들로 40 (문화동, 동남구보건소,교통정보센터) 7층 치매안심센터",31131.0,36.80717777,127.1514571,041-521-3343,041-521-5006,dongnam.nid.or.kr,2018-11-02,,,,{},,,,0,,파일1
C0167,충청남도천안시서북구치매안심센터,충청남도,천안시 서북구,치매안심센터,"충남 천안시 서북구 서부8길 29 (성정동, 성정2동 행정복지센터) 1층",31137.0,36.8197755,127.1398835,041-521-5740,041-573-0994,seobuk.nid.or.kr,2018-04-01,,,,{},,,,0,,파일1
C0168,충청남도청양군치매안심센터,충청남도,청양군,치매안심센터,"충남 청양군 청양읍 칠갑산로7길 54 (읍내리, 청양군보건의료원) 청양군보건의료원 치매안심센터 2층",33324.0,36.45502041,126.8049398,041-940-4536,041-940-4508,cheongyang.nid.or.kr,2018-10-19,1.0,5.0,3.0,"{""작업치료사"": 2, ""행정인력"": 1}",청양군보건의료원,김상경,041-940-4500,5,치매환자쉼터 | 인지재활프로그램 | 치매가족교실 | 치매자조모임 | 치매예방교실,파일1+파일2
C0169,충청남도태안군치매안심센터,충청남도,태안군,치매안심센터,"충남 태안군 태안읍 서해로 1952-16 (평천리, 태안군보건의료원) 어르신센터 1층",32148.0,36.75181076,126.3232321,041-671-1632,041-671-5336,taean.nid.or.kr,2018-06-26,1.0,10.0,2.0,"{""작업치료사"": 2, ""송영인력"": 1, ""행정인력"": 1}",태안군보건의료원,조수현,041-671-1632,4,인지선별검사 | 치매인식개선활동 | 치매프로그램운영 | 맞춤형사례관리 등,파일1+파일2
C0170,충청남도홍성군치매안심센터,충청남도,홍성군,치매안심센터,"충남 홍성군 홍성읍 문화로 106 (오관리, 홍성군보건소) 홍성군보건소 별관 치매안심센터 2층",32236.0,36.59664119,126.6630605,041-630-9076,041-630-9860,hongseong.nid.or.kr,2018-11-21,0.0,16.0,3.0,{},충청남도 홍성군 보건소,김정식,041-630-9076,4,등록 | 조기검진 | 인지재활 | 강화프로그램,파일1+파일2
C0171,전북특별자치도고창군치매안심센터,전북특별자치도,고창군,치매안심센터,"전북특별자치도 고창군 고창읍 전봉준로 90 (율계리, 고창군보건소) 고창군치매안심센터",56442.0,35.44376255,126.6832504,063-560-8725,063-560-8779,gochang.nid.or.kr,2018-10-02,1.0,8.0,2.0,"{""작업치료사"": 2}",고창군보건소,유병수,063-560-8725,5,무료치매검사 | 치매환자 등록관리 | 인지증진 재활 프로그램 | 맞춤형사례관리 | 가족지원프로그램 등,파일1+파일2
C0172,전북특별자치도군산시치매안심센터,전북특별자치도,군산시,치매안심센터,"전북특별자치도 군산시 공단대로 482 (나운동, 군산시치매안심센터) 군산시치매안심센터",54129.0,35.96456011,126.6898084,063-454-5870,063-471-1315,gunsan.nid.or.kr,2018-07-01,1.0,10.0,5.0,"{""임상심리사"": 1, ""작업치료사"": 4}",군산시보건소,,063-454-5870,1,"무료치매검사, 치매환자쉼터운영,치매예방 및 인지강화프로그램 운영 등",파일1+파일2
C0173,전북특별자치도김제시치매안심센터,전북특별자치도,김제시,치매안심센터,전북특별자치도 김제시 동서8길 52 (요촌동) 김제시치매안심센터,54408.0,35.79740416,126.8887514,063-540-1327,,gimje.nid.or.kr,2017-12-20,0.0,10.0,3.0,"{""작업치료사"": 5, ""임상심리사"": 2, ""물리치료사"": 2, ""기타"": 6}",전북특별자치도 김제시 보건소,김정아,063-547-4000,1,"인지재활프로그램, 인지강화프로그램, 쉼터카페제공,치매치료비지원, 치매선별검사 및 진단검사 등",파일1+파일2
C0174,전북특별자치도남원시치매안심센터,전북특별자치도,남원시,치매안심센터,"전북특별자치도 남원시 요천로 1285 (조산동, 남원시보건소) 치매안심센터",55766.0,35.39783988,127.3639897,063-620-7725,063-620-7928,namwon.nid.or.kr,2018-11-09,0.0,9.0,5.0,"{""임상심리사"": 2, ""작업치료사"": 2, ""기타"": 7}",남원시보건소,한용재,063-620-7725,8,치매인식 개선 및 예방사업 | 치매조기검진 | 맞춤형 사례관리 | 치매치료관리비지원 | 조호물품 지원 | 치매환자 및 가족지원사업 | 치매 극복의 날 기념행사 | 치매안심마을 운영 등,파일1+파일2
C0175,전북특별자치도무주군치매안심센터,전북특별자치도,무주군,치매안심센터,"전북특별자치도 무주군 무주읍 한풍루로 413 (당산리, 무주군보건의료원) 4층",55515.0,36.00590333,127.6716763,063-320-8601,063-320-8615,muju.nid.or.kr,2018-07-24,1.0,6.0,1.0,"{""행정인력"": 3}",무주군보건의료원,홍찬표,063-320-8601,3,치매예방 | 인지강화 | 인지재활,파일1+파일2
C0176,전북특별자치도부안군치매안심센터,전북특별자치도,부안군,치매안심센터,"전북특별자치도 부안군 부안읍 오리정로 124 (봉덕리, 보건소) 치매안심센터",56314.0,35.72286232,126.7356007,063-580-3066,063-584-1264,buan.nid.or.kr,2018-06-18,1.0,9.0,4.0,"{""치위생사"": 2, ""작업치료사"": 1, ""행정인력"": 3}",부안군 보건소,박찬병,063-580-3066,4,무료치매검사 | 진단검사 | 치매극복의 날 기념행사 | 쉼터 운영 등,파일1+파일2
C0177,전북특별자치도순창군치매안심센터,전북특별자치도,순창군,치매안심센터,"전북특별자치도 순창군 순창읍 교성로 135 (교성리, 순창군보건의료원) 치매안심센터 2층",56049.0,35.3670048,127.1440817,063-650-5271,063-652-5248,sunchang.nid.or.kr,2019-07-16,1.0,2.0,0.0,{},전라북도 순창군 보건의료원,정영곤,063-650-5247,4,찾아가는 경로당 치매예방교실 | 치매고위험군 인지증진프로그램 | 치매가족지지 프로그램 헤아림 | 치매조기검진,파일1+파일2
C0178,전북특별자치도완주군치매안심센터,전북특별자치도,완주군,치매안심센터,전북특별자치도 완주군 삼례읍 삼봉8로 10-12 (수계리) 완주군 치매안심센터,55334.0,35.92146408,127.1219187,063-290-4373,063-290-3030,wanju.nid.or.kr,2018-07-23,0.0,13.0,0.0,{},전북특별자치도 완주군보건소,,063-290-3188,4,무료치매검사 | 맞춤형사례관리 | 치매환자가족교실 | 치매파트너 등,파일1+파일2
C0179,전북특별자치도익산시치매안심센터,전북특별자치도,익산시,치매안심센터,전북특별자치도 익산시 동서로 91 (모현동2가) 서부권다목적체육관 3층 치매안심센터,54652.0,35.95641377,126.9450599,063-859-7550,063-859-4090,iksan.nid.or.kr,2018-04-09,0.0,12.0,2.0,"{""작업치료사"": 4, ""임상심리사"": 2, ""행정인력"": 4}",익산시보건소(보건사업과),이진윤,063-859-7550,5,치매환자 등록관리 | 치매조기검진사업 | 치매치료비 지원 사업 | 인지증진프로그램 | 치매환자 가족지지모임 등,파일1+파일2
C0180,전북특별자치도임실군치매안심센터,전북특별자치도,임실군,치매안심센터,"전북특별자치도 임실군 임실읍 호국로 1680 (이도리, 임실군 보건의료원) 치매안심센터",55927.0,35.61261112,127.2870767,063-640-3373,,imsil.nid.or.kr,2019-06-21,1.0,4.0,3.0,"{""행정인력"": 3, ""작업치료사"": 1}",임실군치매안심센터,김대곤,063-640-3371,5,치매상담 및 등록관리 | 치매인식개선 및 예방사업 | 쉼터 및 가족지원사업 | 치매환자 맞춤형 집중 사례관리 | 치매환자 배회감지기 지원사업,파일1+파일2
C0181,전북특별자치도장수군치매안심센터,전북특별자치도,장수군,치매안심센터,전북특별자치도 장수군 장수읍 장천로 255-10 치매안심센터,55631.0,35.65508764,127.519166,063-350-2670,063-350-5722,jangsu.nid.or.kr,2018-12-24,1.0,6.0,1.0,"{""작업치료사"": 2, ""행정인력"": 1}",전북특별자치도 장수군 치매안심센터,노승무,063-350-2670,9,상담 등록서비스 | 치매조기검진서비스 | 치매치료관리비 지원 | 조호물품 지원 | 맞춤형 사례관리 서비스 | 치매환자 쉼터 프로그램 운영 | 치매환자 가족지원서비스 | 치매예방관리사업 | 치매인식개선사업,파일1+파일2
C0182,전북특별자치도전주시치매안심센터,전북특별자치도,전주시,치매안심센터,"전북특별자치도 전주시 완산구 전라감영로 33 (중앙동4가, 전주시보건소) 전주시치매안심센터",55038.0,35.81584568,127.1433513,063-281-6238,063-281-6289,jeonju.nid.or.kr,2018-10-10,0.0,13.0,3.0,"{""임상심리사"": 1, ""작업치료사"": 1, ""행정인력"": 1}",전주시보건소,김신선,063-281-6291,1,"치매환자 등록관리, 인지재활프로그램,가정방문사례관리 등",파일1+파일2
C0183,전북특별자치도정읍시치매안심센터,전북특별자치도,정읍시,치매안심센터,전북특별자치도 정읍시 금붕1길 215 (금붕동) 정읍시 치매안심센터,56196.0,35.55437564,126.8937382,063-539-6951,063-539-6548,jeongeup.nid.or.kr,2019-08-12,0.0,10.0,5.0,"{""행정인력"": 3, ""작업치료사"": 2}",정읍시 보건소,손희경,063-539-6942,4,치매 예방프로그램 | 인지강화프로그램 | 쉼터 | 가족지원사업 등,파일1+파일2
C0184,전북특별자치도진안군치매안심센터,전북특별자치도,진안군,치매안심센터,"전북특별자치도 진안군 진안읍 진무로 1189 (군상리, 진안보건소) 진안군 보건소 2층",55422.0,35.7973051,127.4347776,063-430-8588,063-432-3103,jinan.nid.or.kr,2018-10-22,1.0,10.0,3.0,"{""작업치료사"": 1, ""행정인력"": 1}",진안군보건소,,063-430-8582,14,치매조기검진 | 치매의료비지원 | 치매극복의날 기념행사 | 한마음 치매극복 걷기대회 | 치매환자 및 가족 프로그램 | 치매인식개선사업 | 치매안심마을운영 | 치매공공후견인사업 | 치매파트너 및 파트너플러스 양성 | 치매극복선도단체 | 맞춤형 돌봄 사례 등관리 | 실종예방사업 | 쉼터운영 | 조호물품지원 등,파일1+파일2
C0185,전라남도강진군치매안심센터,전라남도,강진군,치매안심센터,"전남 강진군 강진읍 목리길 11 (동성리, 강진군보건소) 치매안심센터",59240.0,34.63833623,126.77571,061-430-5294,061-430-5959,gangjin.nid.or.kr,2019-09-20,0.0,6.0,2.0,"{""작업치료사"": 2, ""기타"": 1}",전라남도 강진군,서현미,061-430-5294,3,등록관리 | 치매조기검진 | 프로그램 운영,파일1+파일2
C0186,전라남도고흥군치매안심센터,전라남도,고흥군,치매안심센터,전남 고흥군 고흥읍 등암3길 5 (등암리) 고흥군보건소,59542.0,34.5919855,127.2692469,061-830-6969,061-830-6939,goheung.nid.or.kr,2019-06-14,0.0,4.0,2.0,"{""작업치료사"": 3, ""행정인력"": 4}",전라남도 고흥군,박준희,061-830-6969,2,조기검진 | 치매관리,파일1+파일2
C0187,전라남도곡성군치매안심센터,전라남도,곡성군,치매안심센터,전남 곡성군 곡성읍 곡성로 854 (읍내리) 치매안심센터,57542.0,35.27886584,127.2968557,061-360-8980,061-360-8908,gokseong.nid.or.kr,2019-09-10,0.0,6.0,0.0,"{""행정인력"": 1}",전라남도 곡성군,임인동,061-360-8980,3,등록관라 | 쉼터운영 | 예방,파일1+파일2
C0188,전라남도광양시치매안심센터,전라남도,광양시,치매안심센터,"전남 광양시 광양읍 호북길 13-3 (칠성리, 치매안심센터) 광양시치매안심센터",57741.0,34.98010194,127.58361,061-797-4059,061-797-4056,gwangyang.nid.or.kr,2018-11-20,1.0,6.0,2.0,"{""작업치료사"": 1, ""임상심리사"": 1}",광양시보건소,양준석,061-797-4059,4,치매조기검진 | 치매가족자조모임 | 사례관리 | 인지강화프로그램,파일1+파일2
C0189,전라남도구례군치매안심센터,전라남도,구례군,치매안심센터,전남 구례군 구례읍 동편제길 30 (백련리) 구례군 보건의료원 치매안심센터,57647.0,35.21596948,127.4617976,061-780-2026,061-780-2769,gurye.nid.or.kr,2018-12-07,0.0,5.0,3.0,"{""작업치료사"": 1}",전라남도 구례군,김윤길,061-780-2026,3,치매쉼터프로그램 | 치매예방교실 | 인지강화 교실,파일1+파일2
C0190,전라남도나주시치매안심센터,전라남도,나주시,치매안심센터,"전남 나주시 풍물시장2길 57-32 (이창동, 나주시보건소) 나주시보건소 치매안심센터",58274.0,34.99522645,126.708224,061-339-4771,061-339-2920,naju.nid.or.kr,2018-11-22,1.0,10.0,2.0,"{""작업치료사"": 4}",나주시,강동렬,061-339-4772,5,치매조기검진 | 치매 예방 프로그램 | 인지강화 프로그램 | 치매환자 쉼터 운영 | 치매환자 가족 교실 운영,파일1+파일2
C0191,전라남도담양군치매안심센터,전라남도,담양군,치매안심센터,전남 담양군 담양읍 완동길 10-5 (만성리) 1층,57335.0,35.32470177,126.9807438,061-380-2971,061-380-3990,damyang.nid.or.kr,2019-02-27,0.0,7.0,0.0,"{""작업치료사"": 3, ""행정인력"": 3}",전라남도 담양군,김동진,061-380-2971,2,치매환자 쉼터 운영 | 조기검진,파일1+파일2
C0192,전라남도목포시치매안심센터,전라남도,목포시,치매안심센터,전남 목포시 수문로 32 (남교동) 트윈스타 3층 목포시치매안심센터,58724.0,34.7931322,126.3829337,"061-270-4271, 4272",061-270-3596,mokpo.nid.or.kr,2018-04-13,0.0,11.0,3.0,"{""작업치료사"": 2, ""기타"": 3}",전라남도 목포시,김경희,061-270-4271,2,등록관리 | 프로그램 운영,파일1+파일2
C0193,전라남도무안군치매안심센터,전라남도,무안군,치매안심센터,"전남 무안군 무안읍 면성1길 128 (성남리, 무안군 보건소) 3층 무안군치매안심센터",58528.0,34.98727444,126.4728731,061-450-5075,061-450-5142,muan.nid.or.kr,2019-01-25,1.0,8.0,3.0,"{""작업치료사"": 2, ""행정인력"": 3}",무안군보건소,김성철,061-450-5075,8,치매조기검진 | 치매상담 및 등록관리 | 치매예방교육 | 인지강화교실 | 쉼터 | 가족교실 | 자조모임 | 치매인식개선교육 등,파일1+파일2
C0194,전라남도보성군치매안심센터,전라남도,보성군,치매안심센터,전남 보성군 보성읍 갱맹골길 206(주봉리 529번지) 보성치매안심센터,59454.0,34.76645647,127.0712437,061-850-8695,061-853-9996,boseong.nid.or.kr,2018-11-27,0.0,8.0,0.0,"{""작업치료사"": 2, ""기타"": 1}",전라남도 보성군,김학성,061-850-8695,4,조기검진 | 치매등록 | 쉼터 | 인지강화교실,파일1+파일2
C0195,전라남도순천시치매안심센터,전라남도,순천시,치매안심센터,"전남 순천시 중앙로 232 (석현동, 순천시문화건강센터) 순천시치매안심센터",57938.0,34.96674779,127.4860333,061-749-8888,061-749-4204,suncheon.nid.or.kr,2019-09-17,0.0,10.0,2.0,"{""작업치료사"": 2, ""임상심리사"": 1, ""행정인력"": 2, ""기타"": 1}",전라남도 순천시,채연석,061-749-8888,2,치매선별검사 | 인지재활프로그램,파일1+파일2
C0196,전라남도신안군치매안심센터,전라남도,신안군,치매안심센터,"전남 신안군 압해읍 천사로 1004 (신장리, 신안군청) 신안군보건소 1층 치매안심센터",58827.0,34.83360218,126.3514253,061-240-8081,061-271-7772,shinan.nid.or.kr,2019-07-26,0.0,4.0,1.0,{},전라남도 신안군,박용재,061-243-8081,2,치매조기검진 | 사례관리,파일1+파일2
C0197,전라남도여수시치매안심센터,전라남도,여수시,치매안심센터,전남 여수시 신월로 794 (봉강동) 여수시치매안심센터,59754.0,34.73915914,127.7260493,061-659-5440,,yeosu.nid.or.kr,2019-06-21,0.0,18.0,5.0,"{""작업치료사"": 4, ""기타"": 2}",여수시 보건소,,061-659-5440,7,치매선별검사(MMSE-DS) | 치매조기검진비 지원 | 치매치료관리비 지원 | 치매실종예방서비스 지원 | 치매파트너모집 | 치매예방프로그램 | 치매환자가족프로그램,파일1+파일2
C0198,전라남도영광군치매안심센터,전라남도,영광군,치매안심센터,전남 영광군 영광읍 신남로4길 17 (남천리) 치매안심센터 3층,57043.0,35.27468261,126.5041643,061-350-4806,061-350-5191,yeonggwang.nid.or.kr,2019-03-13,1.0,5.0,3.0,"{""작업치료사"": 2, ""치위생사"": 1}",영광군보건소,지경현,061-350-4806,9,치매 조기검진 | 진단검사 | 치료관리비 및 검사비 지원 | 치매예방교실 | 인지강화교실 | 쉼터 | 치매환자가족모임 운영 | 조호물품 지원 | 사례관리 등,파일1+파일2
C0199,전라남도영암군치매안심센터,전라남도,영암군,치매안심센터,"전남 영암군 영암읍 오리정길 39 (춘양리, 영암군보건소) 영암군치매안심센터",58421.0,34.79533941,126.7033414,061-470-6580,061-470-6576,yeongam.nid.or.kr,2019-03-26,0.0,6.0,2.0,"{""작업치료사"": 1, ""기타"": 2}",전라남도 영암군,최문형,061-470-6030,2,쉼터 | 안심마을,파일1+파일2
C0200,전라남도완도군치매안심센터,전라남도,완도군,치매안심센터,"전남 완도군 완도읍 농공단지길 34 (죽청리, 완도보건의료원) 완도군 치매안심센터 2층",59108.0,34.33582329,126.7313246,061-550-5810,,wando.nid.or.kr,2019-10-10,0.0,5.0,3.0,"{""작업치료사"": 2, ""행정인력"": 1, ""기타"": 1}",전라남도 완도군,한광일,061-550-5810,3,치매조기검진 | 사례관리 | 치료비 지원,파일1+파일2
C0201,전라남도장성군치매안심센터,전라남도,장성군,치매안심센터,"전남 장성군 장성읍 성산5길 17 (성산리, 장성군 치매안심센터) 장성군 치매안심센터",57214.0,35.3233003,126.808367,061-390-7161~70,061-390-7597,jangseong.nid.or.kr,2020-02-01,0.0,10.0,1.0,"{""작업치료사"": 1, ""물리치료사"": 1}",장성군보건소,박보서,061-390-7164,1,"치매상담 및 등록관리사업, 치매조기검진사업, 치매검사비 자원, 치매예방관리사업, 치매환자쉼터, 배회가능 어르신 인식표 보급 사업, 치매치료관리비 지원, 조호물품 제공, 치매가족 및 보호자 지원사업, 치매인식개선사업, 치매파트너 사업, 치매안심마을 운영",파일1+파일2
C0202,전라남도장흥군치매안심센터,전라남도,장흥군,치매안심센터,"전남 장흥군 장흥읍 동교1길 13 (건산리, 장흥군선거관리위원회) 치매안심센터 1층",59327.0,34.67705335,126.9069323,061-860-6498,061-860-6880,jangheung.nid.or.kr,2018-12-12,0.0,4.0,2.0,"{""작업치료사"": 1, ""기타"": 1}",전라남도 장흥군,박옥란,061-860-6498,3,등록관리 | 조기검진 | 프로그램 운영,파일1+파일2
C0203,전라남도진도군치매안심센터,전라남도,진도군,치매안심센터,"전남 진도군 진도읍 남동1길 40-9 (남동리, 진도군보건소) 3층",58922.0,34.48037351,126.2629165,061-540-6964,061-540-0502,jindo.nid.or.kr,2018-12-18,0.0,7.0,0.0,"{""작업치료사"": 1, ""행정인력"": 3}",전라남도 진도군,조기주,061-540-6964,2,등록관리 | 예방교실 운영,파일1+파일2
C0204,전라남도함평군치매안심센터,전라남도,함평군,치매안심센터,"전남 함평군 함평읍 중앙길 54-8 (기각리, 함평보건소) 치매안심센터",57153.0,35.06190341,126.5242551,061-320-2390,061-320-3739,hampyeong.nid.or.kr,2018-11-09,0.0,8.0,1.0,"{""행정인력"": 1}",전라남도 함평군,심화섭,061-320-2390,2,치매조기검진 | 쉼터운영,파일1+파일2
C0205,전라남도해남군치매안심센터,전라남도,해남군,치매안심센터,"전남 해남군 해남읍 해남로 46 (해리, 해남보건소) 해남군 치매안심센터",59038.0,34.5704311,126.6120935,061-531-3703~10,,haenam.nid.or.kr,2019-12-03,1.0,9.0,2.0,"{""작업치료사"": 1}",해남군치매안심센터,임명란,061-531-3704,4,치매조기검진 | 사례관리 | 치매환자 쉼터 및 가족지원 | 치매예방 등 프로그램,파일1+파일2
C0206,전라남도화순군치매안심센터,전라남도,화순군,치매안심센터,"전남 화순군 화순읍 충의로 40 (삼천리, 치매안심센터) 화순군치매안심센터",58136.0,35.05539364,126.9820968,061-379-5317,061-371-3329,hwasun.nid.or.kr,2019-03-21,3.0,6.0,2.0,{},화순군보건소,,061-379-5317,5,치매선별검사 | 치매예방프로그램 | 치매인지재활프로그램 | 치매가족 지원 | 치매치료관리비 지원 등,파일1+파일2
C0207,경상북도경산시치매안심센터,경상북도,경산시,치매안심센터,"경북 경산시 남매로 158 (중방동, 경산시보건소) 치매안심센터",38616.0,35.82511247,128.7432823,053-810-6435,053-819-5839,gbgs.nid.or.kr,2019-09-23,2.0,14.0,2.0,"{""행정인력"": 3, ""작업치료사"": 2}",경산시보건소,안병숙,053-810-6435,1,"치매선별검진, 우리마을 예쁜 치매쉼터",파일1+파일2
C0208,경상북도경주시치매안심센터,경상북도,경주시,광역치매센터,경상북도 경주시 봉황로 178 (성건동) 치매안심센터,38099.0,35.85535856,129.210511,054-760-2950~2,054-760-7579,gyeongju.nid.or.kr,2019-10-17,1.0,4.0,3.0,"{""작업치료사"": 2}",동국대병원,곽경필,054-777-6400,1,치매관리사업기획교육사업진단 및 조호인프라 구축연구 및 지역특화사업대국민인식개선사업,파일1+파일2
C0209,경상북도고령군치매안심센터,경상북도,고령군,치매안심센터,"경북 고령군 대가야읍 왕릉로 56-5 (지산리, 고령군보건소) 1층",40138.0,35.72523517,128.2648137,054-950-7961,,goryeong.nid.or.kr,2018-08-14,1.0,4.0,3.0,"{""작업치료사"": 2}",고령군보건소,한혜연,054-950-7961,11,무료치매검사 | 치매극복의날기념행사 | 치매홍보서포터즈 운영 | 치매환자쉼터 | 인지향상프로그램 | 예방프로그램 | 가족교실 | 가족자조모임 | 힐링프로그램 | 우리마을예쁜치매쉼터 | 치매안심마을 등,파일1+파일2
C0210,경상북도구미시치매안심센터,경상북도,구미시 구미,치매안심센터,"경북 구미시 지산11길 8-1 (지산동, 구미치매안심센터) 구미치매안심센터",39192.0,36.13950239,128.3455231,054-480-4880,054-480-4069,gumi.nid.or.kr,2019-12-31,,,,{},,,,0,,파일1
C0211,경상북도구미시선산치매안심센터,경상북도,구미시 선산,치매안심센터,"경북 구미시 선산읍 선주로 121 (동부리, 선산보건소) 치매안심센터",39112.0,36.24417904,128.2999491,054-480-4352,054-480-4129,gumiss.nid.or.kr,2019-03-28,,,,{},,,,0,,파일1
C0212,경상북도김천시치매안심센터,경상북도,김천시,치매안심센터,"경북 김천시 체육공원길 21 (지좌동, 치매안심센터) 치매안심센터",39647.0,36.11973266,128.1445272,054-421-2894,054-435-0060,gch.nid.or.kr,2019-02-26,0.0,8.0,7.0,"{""작업치료사"": 3, ""기타"": 5}",김천시치매안심센터,황훈정,054-421-2960,1,치매조기검진사업 및 치매치료관리비지원사업 등,파일1+파일2
C0213,경상북도문경시치매안심센터,경상북도,문경시,치매안심센터,경북 문경시 점촌1길 13 (점촌동) 통합건강증진센터 1층,36971.0,36.59635348,128.1980094,054-550-8134,054-550-4340,gbmg.nid.or.kr,2019-10-16,1.0,12.0,2.0,"{""작업치료사"": 1, ""임상심리사"": 1, ""기타"": 4}",경상북도 문경시 보건소,박애주,054-555-2033,14,치매조기검진사업 | 치매쉼터운영 | 치매보듬마을운영 | 치매조호물품지원 | 치매치료비지원 | 실종노인 발생예방 및 찾기 사업 | 치매공공후견사업 | 치매환자 맞춤형 사례관리사업 | 치매예방관리사업 | 치매가족 및 보호자 지원사업 | 배회가능 어르신 인식표 보급 사업 | 치매인식개선사업 | 치매파트너사업 | 치매안심센터 분소 설치 및 운영,파일1+파일2
C0214,경상북도봉화군치매안심센터,경상북도,봉화군,치매안심센터,"경북 봉화군 봉화읍 봉화로 1203 (내성리, 봉화군보건소) 봉화군보건소 3층 치매안심센터",36238.0,36.89071878,128.7418543,054-679-6749,,bonghwa.nid.or.kr,2018-12-20,2.0,4.0,2.0,"{""작업치료사"": 3, ""기타"": 1}",봉화군 보건소,배재정,054-679-6791,17,치매상담 및 등록 | 치매 조기검진 | 치매환자 조호물품 지원 | 치매환자 배회감지기 지원 | 치매치료관리비 지원 | 치매환자 맞춤형 사례관리 | 치매환자쉼터(봉화 | 춘양 | 재산 | 명호) 운영 | 치매보듬마을 조성사업 | 치매인식개선 교육 및 홍보 | 치매선도학교 및 서포터즈 운영 | 치매보듬쉼터 운영 | 치매예방 인지강화프로그램 운영 | 치매안심병원 성과기반 인센티브 제공 시범사업 운영 | 산림농업 치유프로그램 연계사업 운영,파일1+파일2
C0215,경상북도상주시치매안심센터,경상북도,상주시,치매안심센터,"경북 상주시 중앙로 111 (무양동, 상주시 의회청사) 상주시치매안심센터",37183.0,36.41690111,128.1499972,054-537-6514,054-532-0311,sangju.nid.or.kr,2019-06-07,0.0,7.0,3.0,"{""임상심리사"": 1, ""작업치료사"": 2, ""행정인력"": 2}",상주시보건소,이건희,054-537-6514,1,치매통합관리서비스,파일1+파일2
C0216,경상북도성주군치매안심센터,경상북도,성주군,치매안심센터,"경북 성주군 성주읍 성밖숲길 12 (경산리, 성주군보건소) 성주군치매안심센터",40023.0,35.91738188,128.2786954,054-930-8191,054-930-8139,sj.nid.or.kr,2018-09-10,0.0,4.0,7.0,"{""작업치료사"": 1, ""행정인력"": 4}",성주군보건소,,054-930-8187,1,인지강화및치매환자교실 운영 등,파일1+파일2
C0217,경상북도안동시치매안심센터,경상북도,안동시,치매안심센터,경북 안동시 보현로 12 (용상동) 안동시치매안심센터,36725.0,36.55003666,128.758853,054-840-5779,054-821-0178,andong.nid.or.kr,2019-12-16,0.0,19.0,2.0,"{""임상심리사"": 2, ""작업치료사"": 1, ""행정인력"": 6}",안동시 치매안심센터,김경숙,054-840-5789,7,치매검진 | 치매상담 | 치매쉼터 | 인지강화교실 | 치매예방교실 | 조호물품지원 | 치매가족지원,파일1+파일2
C0218,경상북도영덕군치매안심센터,경상북도,영덕군,광역치매센터,"경북 영덕군 영덕읍 군청길 53 (덕곡리, 보건소) 영덕군치매안심센터",36431.0,36.41360347,129.3734372,054-730-7177,054-730-6179,yd.nid.or.kr,2019-07-01,3.0,8.0,2.0,"{""작업치료사"": 2}",영덕군치매안심센터,김재희,054-730-7177,3,무료치매검사 | 치매극복의날기념행사 | 치매홍보서포터즈 운영등,파일1+파일2
C0219,경상북도영양군치매안심센터,경상북도,영양군,치매안심센터,"경북 영양군 영양읍 동서대로 82 (동부리, 영양군 보건소) 3층 치매안심센터",36540.0,36.66194588,129.1180639,054-680-5126,054-680-5899,yyg.nid.or.kr,2019-10-14,0.0,6.0,3.0,"{""작업치료사"": 1, ""치위생사"": 1, ""임상병리사"": 1}",영양군보건소,장여진,054-680-5126,7,치매조기검진 및 등록사업 | 사례관리 | 치매치료관리비 지원 | 조호물품제공 | 치매환자쉼터 및 가족카페 운영 | 치매인식개선 및 교육홍보 | 치매어르신 실종예방 사업 등,파일1+파일2
C0220,경상북도영주시치매안심센터,경상북도,영주시,치매안심센터,"경북 영주시 영주로159번길 73 (영주동, 치매안심센터) 치매안심센터",36079.0,36.82876451,128.616018,054-639-5733,054-639-5749,yeongju.nid.or.kr,2018-07-16,1.0,10.0,3.0,{},영주시치매안심센터,,054-639-5733,5,치매상담등록 | 사례관리 | 조기검진 | 쉼터지원 및 가족지원 | 인식개선 홍보 등,파일1+파일2
C0221,경상북도영천시치매안심센터,경상북도,영천시,치매안심센터,"경북 영천시 옛군청1길 31 (문내동, 영천시 보건소) 영천시 치매안심센터",38849.0,35.9687455,128.9324014,054-339-7845,,yc.nid.or.kr,2018-11-08,0.0,13.0,2.0,"{""작업치료사"": 4, ""기타"": 2}",영천시보건소,박선희,054-339-7845,11,치매선별검사 | 치매예방홍보 | 치매서포터즈운영 | 치매진단검사 | 예방프로그램 운영 | 인지강화프로그램 운영 | 치매환자프로그램 운영 | 치매치료관리비 지원 | 치매대상자 사례관리 | 치매대상자 실종예방 배회인식표 발급 및 지문등록 | 조호물품 지원,파일1+파일2
C0222,경상북도예천군치매안심센터,경상북도,예천군,치매안심센터,"경북 예천군 예천읍 군청길 33 (노상리, 예천군보건소) 예천군치매안심센터",36822.0,36.65769827,128.4529779,054-650-8102,054-650-8049,ycg.nid.or.kr,2019-06-17,0.0,12.0,1.0,"{""작업치료사"": 1}",예천군보건소,안남기,054-650-8100,15,치매조기검진 | 치매등록 | 치매환자쉼터 | 인지강화교실 | 치매예방교실 | 치매예방교육 | 치매서포터즈 및 치매극복선도단체 양성 | 치매보듬마을 운영 | 우리마을예쁜치매쉼터 운영 | 맞춤형사례관리 | 가족교실·자조모임운영 | 치매치료관리비지원 | 조호물품제공 | 배회인식표 및 배회감지기 지원 | 치매극복 캠페인 등,파일1+파일2
C0223,경상북도울릉군치매안심센터,경상북도,울릉군,치매안심센터,"경북 울릉군 울릉읍 울릉순환로 396-18 (도동리, 보건의료원) 3층 치매안심센터",40217.0,37.48594062,130.8994626,054-790-6827,,ulleung.nid.or.kr,2018-05-18,1.0,4.0,2.0,{},울릉군보건의료원,김영헌,054-790-6827,1,치매치료관리비지원,파일1+파일2
C0224,경상북도울진군치매안심센터,경상북도,울진군,치매안심센터,"경북 울진군 울진읍 읍내8길 61-8 (읍내리, 울진군보건소)",36324.0,36.99621631,129.4045994,054-789-5025,,uljin.nid.or.kr,2019-06-14,0.0,6.0,7.0,"{""작업치료사"": 1}",울진군보건소 치매안심센터,정대교,054-789-5025,3,치매치매조기검진 및 대상자 등록관리 | 인지강화프로그램 및 치매가족프로그램 운영 | 치매서포터즈 양성,파일1+파일2
C0225,경상북도의성군치매안심센터,경상북도,의성군,치매안심센터,"경북 의성군 의성읍 구봉길 228 (도서리, 의성군보건소) 의성군보건소 4층 치매안심센터",37343.0,36.34571691,128.6975779,054-830-6488,054-834-0669,usc.nid.or.kr,2019-12-16,2.0,4.0,5.0,"{""작업치료사"": 2, ""물리치료사"": 1}",경상북도 의성군보건소,이선희,054-830-6660,7,치매 조기검진 | 치매환자 맞춤형 사례관리 | 치매환자쉼터 | 치매 가족 지원 | 치매 인식 개선 | 치매 파트너 | 치매보듬마을 등,파일1+파일2
C0226,경상북도청도군치매안심센터,경상북도,청도군,치매안심센터,경상북도 청도군 화양읍 산성강변길 472 청도군치매안심센터,38321.0,35.654342,128.7381579,054-370-2672~3,054-373-9475,cheongdo.nid.or.kr,2019-09-24,0.0,4.0,2.0,"{""운동치료사"": 1, ""행정인력"": 1, ""작업치료사"": 1, ""임상심리사"": 1, ""시설관리"": 1}",청도군보건소,남중구,054-370-6470,4,치매진단등록 | 환자쉼터 | 인지재활치료 | 비약물치료,파일1+파일2
C0227,경상북도청송군치매안심센터,경상북도,청송군,치매안심센터,"경북 청송군 청송읍 의료원길 19 (금곡리, 청송보건의료원) 청송군치매안심센터",37433.0,36.43114271,129.051771,054-870-7330,054-870-7349,cs.nid.or.kr,2018-12-14,0.0,10.0,2.0,"{""작업치료사"": 1}",청송군보건의료원,윤홍배,054-870-7341,17,치매조기검진 | 치매환자쉼터 | 인지강화교실 | 치매예방교실 | 치매예방교육 | 치매서포터즈 및 치매극복선도단체 양성 | 치매보듬마을 운영 | 우리마을예쁜치매쉼터운영 | 치매환자사례관리 | 치매환자가족교실 | 자조모임운영 | 치매치료관리비지원 | 조호물품제공 | 배회인식표 및 지문인기 등록 | 치매극복 전국걷기행사 | 치매극복의날 기념 행사 | 치매관사업 DB자료 등록 및 분석,파일1+파일2
C0228,경상북도칠곡군치매안심센터,경상북도,칠곡군,치매안심센터,"경북 칠곡군 왜관읍 관문로1길 30 (매원리, 칠곡군보건소) 칠곡군치매안심센터",39872.0,35.99070797,128.4186406,054-979-8391,054-979-8279,chilgok.nid.or.kr,2018-10-25,2.0,8.0,5.0,"{""기타"": 1}",칠곡군보건소,권정희,054-973-4000,1,"치매검진, 맞춤형 사례관리, 예방 및 인지강화 프로그램, 가족지원 사업, 홍보 및 교육 등",파일1+파일2
C0229,경상북도포항시남구치매안심센터,경상북도,포항시 남구,치매안심센터,"경북 포항시 남구 오천읍 남원로 43 (원리, 포항시남구치매안심센터) 포항시 남구 치매안심센터",37884.0,35.9704125,129.405147,054-270-8901,054-277-4260,phnamgu.nid.or.kr,2019-12-09,,,,{},,,,0,,파일1
C0230,경상북도포항시북구치매안심센터,경상북도,포항시 북구,치매안심센터,"경북 포항시 북구 삼흥로 96 (장성동, 포항시북구보건소) 치매안심센터",37607.0,36.07062625,129.3796607,054-270-8951,054-241-3363,phbukgu.nid.or.kr,2019-12-20,,,,{},,,,0,,파일1
C0231,경상남도거제시치매안심센터,경상남도,거제시,치매안심센터,경남 거제시 거제중앙로13길 25 (고현동) 거제시치매안심센터,53256.0,34.88218346,128.6236988,055-639-6226,055-639-6129,geoje.nid.or.kr,2018-12-05,0.0,14.0,2.0,"{""작업치료사"": 1, ""기타"": 2}",거제시보건소,김영실,055-639-6226,5,치매환자 등록 및 관리 | 치매조기검진 | 치매예방교육 및 인식개선 | 치매가족교육 및 자조모임 | 치매환자 쉼터프로그램운영,파일1+파일2
C0232,경상남도거창군치매안심센터,경상남도,거창군,치매안심센터,"경남 거창군 거창읍 거함대로 3079 (송정리, 보건소) 거창군치매안심센터",50142.0,35.68106359,127.8984935,055-940-7910,055-940-7908,geochang.nid.or.kr,2018-10-19,0.0,13.0,2.0,{},거창군 보건소,이정헌,055-940-7910,11,치매환자 상담 및 등록 관리 | 치매 조기검진 및 진단 | 치매치료관리비 지원 | 치매환자 조호물품지원 | 노인성 질환자 위생용품 지원 | 치매 실종예방·배회감지기 지원 | 치매 안심 프로그램 운영 치매파트너 양성 | 치매극복 선도기관 지정 | 치매환자 공공 후견 지원 | 인식개선 및 홍보 사업 | 치매예방교육 등,파일1+파일2
C0233,경상남도고성군치매안심센터,경상남도,고성군,치매안심센터,경남 고성군 고성읍 중앙로 35 (성내리) 2층 고성군 치매안심센터,52942.0,34.97451553,128.324447,055-670-4851,055-670-4059,goseong.nid.or.kr,2018-11-08,0.0,9.0,3.0,"{""작업치료사"": 1}",경상남도 고성군 보건소,이상근,055-670-4851,9,치매조기검진 | 치매치료관리비 | 검진비 지원 | 치매환자 조호물품 제공 | 치매환자 실종예방 사업 | 치매환자 쉼터 | 예방교실 운영 | 치매환자 가족지원사업 | 인식개선 교육·홍보,파일1+파일2
C0234,경상남도김해시치매안심센터,경상남도,김해시,치매안심센터,"경남 김해시 분성로727번길 8-35 (지내동, 김해시동부지역치매안심센터) 김해 치매안심센터",50827.0,35.22998273,128.9226668,055-320-5961,,gimhae.nid.or.kr,2020-09-21,0.0,10.0,1.0,"{""작업치료사"": 2, ""행정인력"": 1}",경상남도 김해시 김해시보건소,,055-320-5961,1,인지재활프로그램,파일1+파일2
C0235,경상남도남해군치매안심센터,경상남도,남해군,치매안심센터,"경남 남해군 남해읍 선소로 6 (북변리, 남해군보건소) 남해군 치매안심센터",52413.0,34.84474988,127.8987857,055-860-8691,055-860-8798,namhae.nid.or.kr,2018-12-24,1.0,8.0,2.0,"{""치위생사"": 1, ""작업치료사"": 1, ""행정인력"": 3}",남해군 보건소,곽기두,055-860-8791,1,치매환자 쉼터 운영 및 치매조기검진,파일1+파일2
C0236,경상남도창원시마산치매안심센터,경상남도,창원시,치매안심센터,"경남 창원시 마산합포구 월영동북로 15 (해운동, 마산보건소) 치매안심센터",51742.0,35.18239851,128.5628997,055-225-5996,055-225-4770,masan.nid.or.kr,2019-07-03,1.0,10.0,2.0,"{""작업치료사"": 2, ""임상심리사"": 1}",마산보건소 건강관리과,이지련,055-225-5993,4,치매인지재활 | 치매가족모임 | 무료치매검사 | 치매극복의날 기념행사,파일1+파일2
C0237,경상남도밀양시치매안심센터,경상남도,밀양시,치매안심센터,"경남 밀양시 삼문중앙로 41 (삼문동, 밀양시보건소) 밀양시보건소 별관 3층 치매안심센터",50437.0,35.48567011,128.7560608,055-359-7086,055-359-7099,miryang.nid.or.kr,2018-11-07,1.0,13.0,1.0,"{""작업치료사"": 2, ""임상심리사"": 1}",밀양시보건소,천재경,055-359-7086,1,"맞춤형 인지재활 프로그램, 치매환자가족교실, 치매파트너 등",파일1+파일2
C0238,경상남도사천시치매안심센터,경상남도,사천시,치매안심센터,경남 사천시 중앙로 212 (벌리동) 사천시치매안심센터,52551.0,34.94435219,128.0811474,055-831-5860,055-831-5889,sacheon.nid.or.kr,2019-07-11,2.0,8.0,1.0,"{""기타"": 4, ""작업치료사"": 2}",사천시보건소,문지연,055-831-5860,8,치매조기검진 및 등록사업 | 맞춤형사례관리 | 치매치료관리비 지원 | 조호물품 제공 | 치매환자 쉼터 및 가족카페 운영 | 치매예방교실 운영 | 치매인식개선 사업 | 치매어르신 실종예방 사업,파일1+파일2
C0239,경상남도산청군치매안심센터,경상남도,산청군,치매안심센터,"경남 산청군 산청읍 중앙로 97 (지리, 산청군보건의료원) 별관 1층",52225.0,35.4160819,127.8842361,"055-970-7633~34,36,47~49",055-970-7619,sancheong.nid.or.kr,2019-10-17,1.0,10.0,2.0,"{""작업치료사"": 2}",산청군보건의료원,김솔,055-970-7647,7,등록관리 | 조기검진 | 인지강화 | 예방교실 | 단기쉼터 및 치매 카페 운영 | 치매 인식개선 및 홍보 | 치매치료관리 지원 등,파일1+파일2
C0240,경상남도양산시치매안심센터,경상남도,양산시,치매안심센터,"경상남도 양산시 중앙로 7-32 (다방동 보건복지센터) 3, 7층",50623.0,35.33215714,129.0379947,055-392-5175,055-392-5719,yangsan.nid.or.kr,2018-03-29,0.0,12.0,3.0,"{""작업치료사"": 2, ""기타"": 2}",양산시치매안심센터,김정미,055-392-5175,3,치매조기검진 및 예방 사업 | 치매치료비 지원 | 치매 환자 및 가족 지원 사업,파일1+파일2
C0241,경상남도의령군치매안심센터,경상남도,의령군,치매안심센터,"경남 의령군 의령읍 의병로8길 16-1 (서동리, 항노화센터 및 치매안심센터) 1층,4층",52151.0,35.31740278,128.2554404,055-570-4070,055-570-4089,uiryeong.nid.or.kr,2019-07-01,0.0,9.0,2.0,{},의령군보건소,조미경,055-570-4072,3,치매환자쉼터 | 치매예방교실 | 맞춤형 사례관리,파일1+파일2
C0242,경상남도진주시치매안심센터,경상남도,진주시,치매안심센터,"경남 진주시 월아산로 2026 (초전동, 경상남도청 서부청사) 1층, 진주시 치매안심센터",52732.0,35.21470009,128.1229151,055-749-5778,055-749-5799,jinju.nid.or.kr,2018-11-26,3.0,20.0,1.0,"{""행정인력"": 1, ""작업치료사"": 1}",진주시보건소,황혜경,055-749-5778,6,치매선별 및 진단검사 | 치매안심센터 쉼터운영 | 치매극복의 날 행사 | 치매파트너 | 파트너플러스 | 치매안심마을 운영,파일1+파일2
C0243,경상남도창원시진해치매안심센터,경상남도,진해구,치매안심센터,"경남 창원시 진해구 중원동로 62 (중앙동, 서부보건지소) 4층 치매안심센터",51680.0,35.14989059,128.6619377,055-225-6692,055-225-4772,jinhae.nid.or.kr,2019-05-31,,,,{},,,,0,,파일1
C0244,경상남도창녕군치매안심센터,경상남도,창녕군,치매안심센터,"경남 창녕군 창녕읍 군청1길 37 (교리, 창녕군 보건소) 창녕군 치매안심센터",50317.0,35.5436574,128.4901131,055-530-7503,055-530-6299,cng.nid.or.kr,2018-07-24,2.0,8.0,3.0,"{""작업치료사"": 2, ""행정인력"": 4}",창녕군보건소,권석규,055-530-7503,5,치매환자 등록 및 관리 | 치매조기검진 | 치매예방교육 및 인식개선 | 치매가족교육 및 자조모임 | 쉼터프로그램운영 등,파일1+파일2
C0245,경상남도창원시치매안심센터,경상남도,창원시,치매안심센터,"경남 창원시 성산구 마디미로73번길 10 (상남동, 창원보건소 치매안심센터) 상남동 37-3",51503.0,35.21832577,128.6823024,055-225-5748,055-225-4767,changwon.nid.or.kr,2019-12-04,1.0,9.0,2.0,"{""작업치료사"": 2}",창원보건소 건강관리과,오재연,055-225-5794,4,치매인지재활 | 치매가족모임 | 무료치매검사 | 치매극복의날 기념행사,파일1+파일2
C0246,경상남도통영시치매안심센터,경상남도,통영시,치매안심센터,"경남 통영시 안개4길 102 (무전동, 통영시치매안심센터) 통영시 치매안심센터 2층",53038.0,34.85981086,128.4323367,055-650-6100,055-650-6599,tongyeong.nid.or.kr,2019-09-23,0.0,8.0,2.0,"{""행정인력"": 7}",경상남도 통영시,천영기,055-650-6100,10,조기치매검진 | 치매환자상담및등록관리고위험군집중검진및등록관리 | 파트너선도단체양성 | 인식개선및홍보 | 사례관리운영 | 인지강화교실운영 | 쉼터운영 | 기족교실운영 | 치매환자실종예방관리비지원 | 정밀진단비지원,파일1+파일2
C0247,경상남도하동군치매안심센터,경상남도,하동군,치매안심센터,"경남 하동군 횡천면 경서대로 1189 (횡천리, 횡천중학교) 하동군치매안심센터",52319.0,35.10953824,127.8164709,055-880-6850,055-880-6799,hadong.nid.or.kr,2018-12-27,0.0,9.0,3.0,"{""행정인력"": 2, ""작업치료사"": 2, ""송영인력"": 1}",경상남도 하동군 보건소,장성훈,055-880-6850,9,쉼터운영 | 치매예방교실운영 | 치매상담등록관리 | 치매안심마을운영 | 치매조기검진 | 치매환자맞춤형사례관리 | 치매환자가족프로그램운영 | 인지강화교실운영 | 치매파트너 양성,파일1+파일2
C0248,경상남도함안군치매안심센터,경상남도,함안군,치매안심센터,"경남 함안군 군북면 함마대로 768-3 (중암리, 군북면보건지소)",52066.0,35.26395038,128.3428448,055-580-3245,055-580-3129,haman.nid.or.kr,2018-05-31,1.0,11.0,1.0,"{""작업치료사"": 2, ""행정인력"": 2, ""임상심리사"": 1, ""치위생사"": 1, ""물리치료사"": 1}",경상남도 함안군,박수귀,055-580-3240,6,치매예방교육 | 치매조기검진사업 | 치매환자 등록관리 | 치매치료관리비지원 | 인지재활프로그램및치매쉼터운영 | 치매환자가족지원,파일1+파일2
C0249,경상남도함양군치매안심센터,경상남도,함양군,치매안심센터,"경남 함양군 함양읍 한들로 141 (용평리, 함양군보건소) 함양군치매안심센터",50039.0,35.5196763,127.7317814,055-960-8080,055-964-1908,hygn.nid.or.kr,2018-09-28,1.0,5.0,5.0,"{""작업치료사"": 2, ""행정인력"": 2}",함양군보건소,,055-960-5355,8,치매조기검진 | 치매환자상담 및 등록관리 | 조호물품제공 | 맞춤형사례관리 | 인지재활프로그램운영 | 치매가족모임운영 | 치매인식개선사업 | 치매환자실종예방사업 등,파일1+파일2
C0250,경상남도합천군치매안심센터,경상남도,합천군,치매안심센터,"경남 합천군 합천읍 동서로 39 (합천리, 종합사회복지관) 1층,2층 합천군치매안심센터",50232.0,35.56792811,128.1567534,055-930-4092,,hc.nid.or.kr,2017-12-28,1.0,11.0,1.0,"{""임상심리사"": 1, ""작업치료사"": 2, ""기타"": 3}",경상남도 합천군보건소,안명기,055-930-4091,7,치매조기검진 | 치매진단검사 | 치매치료관리비 지원 | 치매환자 조호물품 제공 | 치매환자 실종예방 사업 | 치매환자 쉼터 운영 | 치매환자 가족교실 운영,파일1+파일2
C0251,제주도서귀포시동부치매안심센터,제주특별자치도,제주도 서귀포시 동부,치매안심센터,"제주특별자치도 서귀포시 남원읍 태위로 527 (남원리, 동부보건소) 2층 치매안심센터",63620.0,33.27562846,126.7034249,064-760-6125,064-764-1856,seogwipodb.nid.or.kr,2018-07-31,,,,{},,,,0,,파일1
C0252,제주도서귀포시치매안심센터,제주특별자치도,제주도 서귀포시 서귀포,치매안심센터,"제주특별자치도 서귀포시 중앙로101번길 52 (서홍동, 서귀포보건소) 별관 치매안심센터",63584.0,33.25348127,126.5553573,064-760-6555,,seogwipo.nid.or.kr,2018-07-31,,,,{},,,,0,,파일1
C0253,제주도서귀포시서부치매안심센터,제주특별자치도,제주도 서귀포시 서부,치매안심센터,"제주특별자치도 서귀포시 대정읍 최남단해안로15번길 12 (하모리, 서부보건소) 치매안심센터 2층",63513.0,33.21867194,126.2532449,064-760-6249,064-760-6219,seogwiposb.nid.or.kr,2018-05-01,,,,{},,,,0,,파일1
C0254,제주도제주시동부치매안심센터,제주특별자치도,제주도 제주시 동부,치매안심센터,"제주특별자치도 제주시 구좌읍 김녕로14길 6 (김녕리, 동부보건소) 치매안심센터",63357.0,33.55435153,126.751328,064-728-7551,064-728-7569,jejudongbu.nid.or.kr,2018-08-03,,,,{},,,,0,,파일1
C0255,제주도제주시치매안심센터,제주특별자치도,제주도 제주시 제주,치매안심센터,"제주특별자치도 제주시 연삼로 264 (도남동, 제주보건소) 제주보건소 별관 2층 치매안심센터",63219.0,33.49159994,126.5202379,064-728-8500,064-728-8509,jejuansim.nid.or.kr,2018-09-20,,,,{},,,,0,,파일1
C0256,제주도제주시서부치매안심센터,제주특별자치도,제주도 제주시 서부,치매안심센터,"제주특별자치도 제주시 한림읍 강구로 5 (한림리, 서부보건소) 치매안심센터",63028.0,33.41208361,126.2695292,064-728-8661,064-728-4149,jejuseobu.nid.or.kr,2018-06-20,,,,{},,,,0,,파일1
C0257,구미시선산치매안심센터,경상북도,구미시,치매안심센터,경상북도 구미시 선산읍 선주로 121,,36.24417904,128.2999491,054-480-4350,,,2019-01,0.0,10.0,2.0,"{""작업치료사"": 3}",구미시선산치매안심센터,이은주,054-480-4350,6,치매환자 등록 및 상담 | 맞춤형 사례관리 | 치매조기검진 | 치매환자쉼터 및 예방교실 | 치매가족지원사업 | 치매인식개선사업 등,파일2
C0258,구미치매안심센터,경상북도,구미시,치매안심센터,경상북도 구미시 지산11길 8-1,,36.139463,128.3455203,054-480-4880,,,2019-12,0.0,8.0,3.0,"{""작업치료사"": 3, ""임상심리사"": 1, ""행정인력"": 3}",구미치매안심센터,이경문,054-480-4880,6,치매환자 등록 및 상담 | 맞춤형 사례관리 | 치매조기검진 | 치매환자쉼터 및 예방교실 | 치매가족지원사업 | 치매인식개선사업 등,파일2
C0259,부천시치매안심센터,경기도,부천시,치매안심센터,경기도 부천시 원미구 길주로 410,,37.50363121,126.7880203,032-625-4421,,,2019-12,0.0,13.0,3.0,"{""작업치료사"": 1, ""행정인력"": 6}",부천시보건소,송정원,032-625-4421,3,치매환자의 등록·관리 | 치매의 예방·교육 및 홍보 | 치매조기검진,파일2
C0260,분당구보건소 치매안심센터,경기도,성남시,치매안심센터,경기도 성남시 분당구 내정로 94(정자동 한솔마을 711동 1층),,37.367389,127.115509,031-729-8783,,,2018-12,0.0,12.0,1.0,"{""기타"": 4, ""임상심리사"": 2, ""작업치료사"": 3, ""시설관리"": 1}",분당구보건소,구성수,031-729-8783,9,상담 및 등록관리 | 치매 조기검진 | 치매예방관리 | 치매환자 쉼터 운영 | 치매지원 서비스 | 치매가족 및 보호자 지원사업 | 치매 인식개선 및 교육홍보 | 치매 안심마을 운영 | 치매 공공 후견사업,파일2
C0261,중원구보건소 치매안심센터,경기도,성남시,치매안심센터,경기도 성남시 중원구 금상로 137(상대원동),,37.442188,127.170527,031-739-3030,,,2017-01,1.0,7.0,6.0,"{""임상심리사"": 1, ""작업치료사"": 5}",(의)롯데의료재단,김천주,031-739-3030,9,상담 및 등록관리 | 치매 조기검진 | 치매예방관리 | 치매환자 쉼터 운영 | 치매지원 서비스 | 치매가족 및 보호자 지원사업 | 치매 인식개선 및 교육홍보 | 치매 안심마을 운영 | 치매 공공 후견사업,파일2
C0262,수정구보건소 치매안심센터,경기도,성남시,치매안심센터,경기도 성남시 수정구 수정로 218,,37.444312,127.14406,031-729-3879,,,2017-01,0.0,12.0,2.0,"{""작업치료사"": 3, ""행정인력"": 4}",수정구보건소,강연하,031-729-3879,9,상담 및 등록관리 | 치매 조기검진 | 치매예방관리 | 치매환자 쉼터 운영 | 치매지원 서비스 | 치매가족 및 보호자 지원사업 | 치매 인식개선 및 교육홍보 | 치매 안심마을 운영 | 치매 공공 후견사업,파일2
C0263,효성평생건강센터,인천광역시,계양구,치매안심센터,인천광역시 계양구 봉오대로543번길 21,,37.532527,126.7086103,032-450-1845,,,2019-12,0.0,1.0,0.0,"{""기타"": 2, ""송영인력"": 1, ""시설관리"": 1}",계양구보건소,이미숙,032-450-1845,3,치매조기검진 | 치매환자지원사업 | 치매환자쉼터운영,파일2
C0264,인천광역시 동구 구립 치매전담형 주간보호센터 동구동락,인천광역시,동구,치매안심센터,인천광역시 동구 방축로 193,,37.47927144,126.6661296,032-575-0019,,,2022-12,0.0,2.0,1.0,"{""기타"": 6, ""송영인력"": 1}",인천광역시 의료원,장석일,032-575-0019,5,치매환자 신체활동 지원 | 기능 회복훈련 | 건강 및 간호관리 | 인지관리 | 치매환자와 가족에 대한 교육 및 지원,파일2
C0265,진상백학동기억샘터,전라남도,광양시,치매안심센터,전라남도 광양시 진상면 신황길 126,,35.05320532,127.6882086,061-797-4814,,,2020-12,0.0,1.0,0.0,"{""송영인력"": 1, ""작업치료사"": 1}",광양시보건소,양준석,061-797-4814,2,치매조기검진 | 인지강화프로그램,파일2
C0266,대전서구치매안심센터,대전광역시,서구,치매안심센터,"대전광역시 서구 만년로74, 서구보건소 5층",,36.3670884877,127.3810425,042-288-4470,,,2018-04,0.0,9.0,4.0,"{""작업치료사"": 2, ""임상심리사"": 2}",대전서구보건소,조은숙,042-288-4470,15,치매환자인지재활프로그램 | 고위험군인지강화교실 | 치매예방교실 | 찾아가는경로당치매예방교실 | 치매예방교육 | 치매파트너및플러스사업 | 가족교실 | 가족자조모임 | 선별검사및진단검사 | 치매치료관리비지원 | 조호물품지원 | 배회가능어르신인식표제공 | 지문등사전등록 | 공공후견지원사업 | 사례관리,파일2
C0267,남양주풍양보건소 치매안심센터,경기도,남양주시,치매안심센터,경기도 남양주시 진접읍 금강로 1509-26,,37.726331,127.189819,031-590-8381,,,2018-07,2.0,8.0,1.0,"{""작업치료사"": 3, ""물리치료사"": 1}",남양주풍양보건소,이정미,031-590-8381,5,치매조기검진 | 치매환자쉼터 | 치매가족지원 | 치매예방관리 | 치매인식개선,파일2
C0268,평택시 송탄치매안심센터,경기도,평택시,치매안심센터,경기도 평택시 서정로 295(송탄보건소옆),,37.065701,127.066497,031-8024-7257,,,2019-12,0.0,2.0,1.0,"{""행정인력"": 1, ""작업치료사"": 3, ""임상심리사"": 2}",경기도 평택시청 송탄보건소,,031-8024-7257,6,치매조기검진 | 치매환자 쉼터 | 치매예방교실 | 인지강화교실 | 치매가족교실 | 인식개선캠페인 등,파일2
C0269,평택시치매안심센터 안중분소,경기도,평택시,치매안심센터,"경기도 평택시 안중읍 안현로서9길 24, 3층",,36.97815461,126.922304,031-8024-8677,,,2021-12,1.0,2.0,0.0,"{""작업치료사"": 1, ""치위생사"": 1}",경기도 평택시청 평택보건소 안중보건지소,,031-8024-8677,4,치매조기검진사업 | 치매환자 프로그램 | 치매예방교육 및 인지재활 | 가족프로그램 운영 등,파일2
C0270,진해보건소 치매안심센터,경상남도,창원시,치매안심센터,경상남도 창원시 진해구 중원동로 62,,35.149898,128.661939,055-225-6692,,,2019-12,1.0,5.0,3.0,"{""작업치료사"": 2, ""임상심리사"": 1}",진해보건소 서부보건지소,강명구,055-225-6692,4,치매인지재활 | 치매가족모임 | 무료치매검사 | 치매극복의날 기념행사,파일2
C0271,화성시치매안심센터 동부분소,경기도,화성시,치매안심센터,경기도 화성시 병점구 떡전골로 72-3,,37.20527854,127.0349013,031-5189-4431,,,2021-01,0.0,4.0,0.0,"{""시설관리"": 1}",경기도 화성시 동부보건소,심정식,031-5189-4431,4,치매조기검진사업 | 치매인식개선 및 예방사업 | 가족교육사업 | 맞춤형 사례관리사업,파일2
C0272,화성시치매안심센터 동탄분소,경기도,화성시,치매안심센터,경기도 화성시 동탄구 노작로 226-9,,37.20701031,127.078776121,031-5189-4377,,,2019-07,1.0,7.0,0.0,"{""응급구조사"": 1}",경기도 화성시 동탄보건소,문자,031-5189-4377,5,치매조기검진사업 | 치매인식개선 및 예방사업 | 가족교육사업 | 쉼터 운영사업 | 맞춤형 사례관리사업,파일2
C0273,화성시치매안심센터 봉담분소,경기도,화성시,치매안심센터,경기도 화성시 효행구 봉담읍 동화새터길 109,,37.21705403,126.9611275,031-5189-6269,,,2021-01,0.0,8.0,0.0,"{""작업치료사"": 1}",경기도 화성시 서부보건소,곽매헌,031-5189-6269,4,치매조기검진사업 | 치매인식개선 및 예방사업 | 가족교육사업 | 맞춤형 사례관리사업,파일2
C0274,안산시상록수치매안심센터,경기도,안산시,치매안심센터,"경기도 안산시 상록구 차돌배기로1길 5, 상록수보건소 3층",,37.30026357,126.8450629,031-481-5848,,,2019-05,0.0,10.0,2.0,"{""작업치료사"": 2}",안산시 상록수보건소,이미경,031-481-5848,6,조기검진 | 약제비지원 | 사례관리 | 예방교육 | 쉼터및가족카페운영 | 치매파트너양성,파일2
C0275,안산시단원치매안심센터,경기도,안산시,치매안심센터,"경기도 안산시 단원구 화랑로 250, 단원보건소 3층",,37.32106713,126.8152625,031-481-6541,,,2018-03,0.0,7.0,0.0,"{""작업치료사"": 3}",안산시 단원보건소,정영란,031-481-6541,6,조기검진 | 약제비지원 | 사례관리 | 예방교육 | 쉼터및가족카페운영 | 치매파트너양성,파일2
C0276,김해시서부보건소분소,경상남도,김해시,치매안심센터,경상남도 김해시 능동로 149,,35.202341,128.8072142,055-330-8391,,,2023-01,0.0,2.0,1.0,{},경상남도 김해시 김해시서부보건소,,055-330-8391,1,치매상담 및 등록,파일2
C0277,치매안심센터 주촌분소,경상남도,김해시,치매안심센터,경상남도 김해시 주촌면 주선로 29-1,,35.234777,128.845757,055-320-5971,,,2018-03,0.0,5.0,2.0,"{""임상심리사"": 1, ""행정인력"": 1}",경상남도 김해시 김해시보건소,,055-320-5971,2,치매조기검진(선별 | 진단검사),파일2
C0278,남부치매안심센터,경기도,이천시,치매안심센터,경기도 이천시 장호원읍 서동대로8809번길 30-15,,37.11672581,127.6148957,031-6190-7227,,,2019-12,0.0,1.0,1.0,"{""작업치료사"": 1}",이천시 보건소,한미연,031-6190-7227,9,치매조기검진사업 | 치매치료관리비지원사업 | 치매쉼터프로그램운영 | 치매환자가족(헤아림) 교육 및 자조모임운영 | 치매예방 홍보 교육 및 캠페인 | 치매파트너 모집 | 치매관련 정보제공 | 치매환자 배회인식표 제공 | 자원연계,파일2
C0279,남부치매안심센터,경기도,여주시,치매안심센터,경기도 여주시 점동면 청안2길 20,,37.20378959,127.6599867,031-887-3493,,,2025-08,0.0,0.0,1.0,"{""작업치료사"": 1}",경기도 여주시보건소,,031-887-3493,4,예방프로그램 | 쉼터 | 치매인식개선사업 | 조기검진사업,파일2
C0280,북부치매안심센터,경기도,여주시,치매안심센터,경기도 여주시 대신면 풍양1길 16,,37.37205549,127.5852432,031-887-3497,,,2025-07,0.0,1.0,0.0,"{""작업치료사"": 1}",경기도 여주시보건소,,031-887-3497,4,예방프로그램 | 쉼터 | 치매인식개선사업 | 조기검진사업,파일2
C0281,시흥시 치매안심센터(남부),경기도,시흥시,치매안심센터,경기도 시흥시 정왕대로233번길 19,,37.3467224002,126.7401533604,031-310-5930,,,2018-12,0.0,3.0,1.0,"{""작업치료사"": 2, ""치위생사"": 1, ""송영인력"": 1}",시흥시보건소,이형정,031-310-5930,4,치매조기검진 | 치매의료비 및 검진비 지원 | 치매예방교육 | 치매환자쉼터 및 가족지원사업 등,파일2
C0282,시흥시 치매안심센터(중부),경기도,시흥시,치매안심센터,경기도 시흥시 목감우회로 23,,37.381696,126.858765,031-310-6825,,,2020-12,0.0,4.0,1.0,"{""작업치료사"": 2, ""송영인력"": 1}",시흥시보건소,이형정,031-310-6825,4,치매조기검진 | 치매의료비 및 검진비 지원 | 치매예방교육 | 치매환자쉼터 및 가족지원사업 등,파일2
C0283,장성군치매안심센터,전라남도,장성군,치매안심센터,전라남도 장성군 장성읍 성산5길 17,,35.3233003,126.808367,061-390-7161,,,2022-12,0.0,6.0,3.0,"{""작업치료사"": 1, ""임상심리사"": 1}",전라남도 장성군,박보서,061-390-7161,3,치매조기검진 | 상담 및 등록관리 | 프로그램운영,파일2
C0284,영광군치매안심센터,전라남도,영광군,치매안심센터,전라남도 영광군 영광읍 신남로 4길 17,,35.27468261,126.5041643,061-350-4806,,,2022-12,0.0,7.0,3.0,"{""작업치료사"": 2, ""기타"": 1}",전라남도 영광군,지경현,061-350-4806,2,등록관리 | 프로그램 운영,파일2
C0285,무안군치매안심센터,전라남도,무안군,치매안심센터,전라남도 무안군 무안읍 불무로 38-9,,34.98830267,126.4735676,061-450-5075,,,2022-12,0.0,7.0,2.0,"{""작업치료사"": 1, ""기타"": 4}",전라남도 무안군,김성철,061-450-5075,3,치매조기검진 | 상담 및 등록관리 | 프로그램운영,파일2
C0286,해남군치매안심센터,전라남도,해남군,치매안심센터,전라남도 해남군 해남읍 해남로 46,,34.57046123,126.6120439,061-531-3703,,,2022-12,0.0,8.0,2.0,"{""작업치료사"": 1, ""기타"": 1}",전라남도 해남군,소은영,061-531-3703,3,치매환자쉼터 | 가족교실 | 치매예방 및 인지강화교실,파일2
C0287,화순군치매안심센터,전라남도,화순군,치매안심센터,전라남도 화순군 화순읍 충의로 40,,35.05539364,126.9820968,061-379-5317,,,2022-12,0.0,6.0,4.0,"{""작업치료사"": 2, ""임상심리사"": 1}",전라남도 화순군,박미라,061-379-5317,2,치매조기검진 | 프로그램 운영,파일2
C0288,광양시치매안심센터,전라남도,광양시,치매안심센터,전라남도 광양시 광양읍 호북길 13-3,,34.98010194,127.58361,061-797-4059,,,2022-12,0.0,8.0,1.0,"{""작업치료사"": 2, ""행정인력"": 1, ""기타"": 3}",전라남도 광양시,김복덕,061-797-4059,2,치매조기검진 | 상담등록관리 운영,파일2
C0289,나주시치매안심센터,전라남도,나주시,치매안심센터,전라남도 나주시 풍물시장2길 57-32,,34.99522645,126.708224,061-339-4771,,,2022-12,0.0,10.0,2.0,"{""작업치료사"": 4}",전라남도 나주시,강동렬,061-339-4771,2,치매조기검진 | 프로그램 운영,파일2
C0290,여수시치매안심센터,전라남도,여수시,치매안심센터,전라남도 여수시 신월로 794,,34.73915914,127.7260493,061-659-5440,,,2022-12,0.0,14.0,4.0,"{""작업치료사"": 2, ""기타"": 3}",전라남도 여수시,신준섭,061-659-5440,2,등록관리 | 프로그램 운영,파일2
C0291,충청북도 청주시 청원구 치매안심센터,충청북도,청주시,치매안심센터,충청북도 청주시 청원구 오창읍 과학산업3로 238,,36.71040635,127.4304713,043-201-4377,,,2018-12,0.0,3.0,2.0,"{""작업치료사"": 4, ""임상심리사"": 2, ""행정인력"": 3}",청주시 청원보건소,정주영,043-201-4377,11,치매조기검진 | 치매치료관리비및검진비지원 | 치매예방교육 | 인지강화교실 | 치매안심마을운영 | 치매환자맞춤형사례관리 | 치매공공후견인 | 치매환자쉼터및가족지원사업 | 치매파트너운영 | 돌봄재활사업 | 등,파일2
C0292,충청북도 청주시 흥덕구 치매안심센터,충청북도,청주시,치매안심센터,충청북도 청주시 흥덕구 대농로 88,,36.64147861,127.4315238,043-201-4333,,,2018-08,0.0,3.0,4.0,"{""작업치료사"": 4, ""임상심리사"": 2, ""행정인력"": 2}",청주시 흥덕보건소,홍정희,043-201-4333,11,치매조기검진 | 치매치료관리비및검진비지원 | 치매예방교육 | 인지강화교실 | 치매안심마을운영 | 치매환자맞춤형사례관리 | 치매공공후견인 | 치매환자쉼터및가족지원사업 | 치매파트너운영 | 돌봄재활사업 | 등,파일2
C0293,충청북도 청주시 서원구 치매안심센터,충청북도,청주시,치매안심센터,"충청북도 청주시 서원구 구룡산로 235, 3층 (수곡동, 위너스빌)",,36.616052,127.4713305,043-201-3711,,,2018-10,0.0,3.0,2.0,"{""작업치료사"": 2, ""임상심리사"": 1, ""행정인력"": 6}",청주시 서원보건소,권영권,043-201-3711,11,치매조기검진 | 치매치료관리비및검진비지원 | 치매예방교육 | 인지강화교실 | 치매안심마을운영 | 치매환자맞춤형사례관리 | 치매공공후견인 | 치매환자쉼터및가족지원사업 | 치매파트너운영 | 돌봄재활사업 | 등,파일2
C0294,충청북도 청주시 상당구 치매안심센터,충청북도,청주시,치매안심센터,충청북도 청주시 상당구 남일면 단재로 480,,36.58855535,127.5053143,043-201-3637,,,2019-06,0.0,2.0,3.0,"{""작업치료사"": 3, ""임상심리사"": 1, ""행정인력"": 5}",청주시 상당보건소,방영란,043-201-3637,11,치매조기검진 | 치매치료관리비및검진비지원 | 치매예방교육 | 인지강화교실 | 치매안심마을운영 | 치매환자맞춤형사례관리 | 치매공공후견인 | 치매환자쉼터및가족지원사업 | 치매파트너운영 | 돌봄재활사업 | 등,파일2
C0295,충청북도광역치매센터,충청북도,청주시,광역치매센터,"충청북도 청주시 서원구 1순환로 767, 지오빌딩 3층",,36.625449,127.463825,043-269-6891,,,2013-12,1.0,0.0,4.0,"{""작업치료사"": 3, ""임상심리사"": 1}",충북대학교병원,김아련,043-269-6891,7,치매인력전문화교육 | 치매극복의날기념식 | 치매극복걷기대회 | 치매파트너운영 | 치매특화사업개발 | 치매연구조사 | 등,파일2
C0296,영통구치매안심센터,경기도,수원시,치매안심센터,경기도 수원시 영통구 영통로 396,,37.2568819,127.0697092,031-5191-0824,,,2018-01,1.0,8.0,4.0,"{""작업치료사"": 2}",영통구보건소,이민희,031-5191-0824,4,치매조기검진 | 치매치료관리비지원 | 인지프로그램운영 | 치매가족지지프로그램 운영 등,파일2
C0297,팔달구치매안심센터,경기도,수원시,치매안심센터,경기도 수원시 팔달구 팔달산로 6(교동),,37.271433,127.0125194,031-5159-0630,,,2019-06,6.0,10.0,2.0,"{""작업치료사"": 2}",팔달구보건소,최향란,031-5159-0630,4,치매조기검진 | 치매치료관리비지원 | 인지프로그램운영 | 치매가족지지프로그램 운영 등,파일2
C0298,경주시 치매상담센터,경상북도,경주시,치매안심센터,경상북도 경주시 봉황로 178,,35.85535748,129.2105107,054-760-2950,,,2019-10,0.0,15.0,2.0,"{""행정인력"": 4, ""작업치료사"": 1, ""임상심리사"": 1}",경주시보건소,경주시보건소장(진병철),054-760-2950,7,치매조기검진 | 치매치료비지원 | 치매쉼터운영 | 치매가족프로그램 운영 | 치매예방교육 및 상담 | 치매인식개선사업 | 치매보듬마을 조성,파일2
C0299,함평군보건소,전라남도,함평군,치매안심센터,전라남도 함평군 함평읍 중앙길 54-8,,35.0621528289,126.524248,061-320-2390,,,2017-12,0.0,9.0,1.0,"{""물리치료사"": 1}",함평군보건소,심화섭,061-320-2390,6,치매조기검진 | 치매예방교실 | 인지향상프로그램 | 치매치료관리비지원 | 치매환자등록관리 | 실종예방사업,파일2
C0300,용인시기흥구치매안심센터,경기도,용인시,치매안심센터,경기도 용인시 기흥구 신갈로58번길 11,,37.272634,127.106729,031-6193-0369,,,2024-09,2.0,14.0,4.0,"{""작업치료사"": 4, ""기타"": 3}",경기도 용인시 기흥구보건소,권봉정,031-6193-0369,6,치매검사 | 치매예방교실 | 치매가족교실 | 치매환자 쉼터 운영사업 | 치매치료관리비 지원 | 조호물품 제공 등,파일2
C0301,용인시수지구치매안심센터,경기도,용인시,치매안심센터,"경기도 용인시 수지구 문정로 20, 3층",,37.32276658,127.0963428,031-6193-0881,,,2024-11,2.0,11.0,4.0,"{""작업치료사"": 1, ""물리치료사"": 2}",경기도 용인시 수지구보건소,허선수,031-6193-0881,6,상담 및 등록관리사업 | 치매조기검진 및 예방관리사업 | 치매환자쉼터 운영사업 | 치매가족 지원사업 | 치매인식개선 및 교육 홍보사업 | 치매안심마을 운영,파일2
C0302,용인시처인구치매안심센터,경기도,용인시,치매안심센터,경기도 용인시 처인구 중부대로 1199,,37.24086733,127.1779684,031-6193-0199,,,2024-09,4.0,9.0,4.0,"{""작업치료사"": 2, ""기타"": 2}",경기도 용인시 처인구보건소,강경신,031-6193-0199,4,무료치매검사 | 치매예방프로그램 운영 | 치매환자 및 가족프로그램 운영 | 치매인식개선 사업 등,파일2
C0303,미추홀돌봄의집,인천광역시,미추홀구,치매안심센터,"인천광역시 미추홀구 경인로 34번길 20, 6층7층",,37.46303566,126.6472695,032-883-0310,,,2000-01,0.0,4.0,2.0,{},인하대학교산학협력단,김주형,032-883-0310,3,회상요법 | 미술치료 | 음악치료 등 인지재활 프로그램,파일2
C0304,구례군 치매안심센터,전라남도,구례군,치매안심센터,전라남도 구례군 구례읍 동편제길 30,,35.21607284,127.4617801,061-780-2933,,,2018-12,1.0,5.0,3.0,"{""작업치료사"": 1}",구례군보건의료원,김윤길,061-780-2933,3,치매쉼터프로그램 | 치매예방교실 | 인지강화 교실,파일2
C0305,성북구치매안심센터 분소,서울특별시,성북구,치매안심센터,서울특별시 성북구 한천로 568 장위석관지소 3층,,37.610489,127.063389,02-918-2223,,,2022-12,1.0,11.0,3.0,"{""작업치료사"": 6, ""행정인력"": 1}",건국대학교병원,전홍준,02-918-2223,5,치매조기검진 | 인지카페 기억다방 운영 | 치매안심마을운영 | 기억키움학교 | 치매 찾동 협업 인지강화프로그램 등,파일2
C0306,울주치매안심센터,울산광역시,울주군,치매안심센터,울산광역시 울주군 웅촌면 은현작동로 49,,35.45690394,129.176837,052-204-2878,,,2018-05,1.0,11.0,1.0,"{""임상병리사"": 1, ""작업치료사"": 1, ""치위생사"": 1, ""의무기록사"": 1}",울주군보건소,유점숙,052-204-2878,7,치매상담 및 등록 | 치매조기검진 | 치매예방프로그램 운영 | 치매인식개선홍보 | 치매안심마을 운영 | 치매공공후견사업 | 단기쉼터 운영 등,파일2
C0307,전라남도광역치매센터,전라남도,순천시,광역치매센터,전라남도 순천시 순광로 221,,34.96375005,127.542936,061-286-6042,,,2022-12,1.0,2.0,5.0,"{""작업치료사"": 1}",전라남도,김영록,061-286-6042,2,치매관련 자원 발굴 | 치매 연구·통계,파일2
C0308,일산서구보건소치매안심센터,경기도,고양시,치매안심센터,경기도 고양시 일산서구 일중로 54,,37.6844752346,126.7757855168,031-8075-4871,,,2018-06,1.0,5.0,1.0,"{""방사선사"": 1, ""임상병리사"": 1, ""임상심리사"": 1, ""작업치료사"": 2, ""물리치료사"": 1, ""영양사"": 1}",일산서구보건소,이향숙,031-8075-4871,7,치매선별검사 및 진단검사 실시 | 치매환자등록ㆍ조호물품ㆍ치매치료관리비 지원 | 경증 치매환자 쉼터 운영 | 치매예방 프로그램 운영 | 치매 안심마을 운영 | 치매 인식개선사업 | 치매환자 실종예방사업,파일2
C0309,일산동구보건소치매안심센터,경기도,고양시,치매안심센터,경기도 고양시 일산동구 중앙로 1100,,37.6461363846,126.7847187569,031-8075-4850,,,2018-04,1.0,8.0,1.0,"{""영양사"": 1, ""의무기록사"": 1, ""작업치료사"": 2}",일산동구보건소,홍효명,031-8075-4850,7,치매선별검사 및 진단검사 실시 | 치매환자등록ㆍ조호물품ㆍ치매치료관리비 지원 | 경증 치매환자 쉼터 운영 | 치매예방 프로그램 운영 | 치매 안심마을 운영 | 치매 인식개선사업 | 치매환자 실종예방사업,파일2
C0310,담양군치매안심센터,전라남도,담양군,치매안심센터,전라남도 담양군 담양읍 완동길 10-5,,35.32470339,126.9807889,061-380-2971,,,2019-02,1.0,10.0,0.0,"{""행정인력"": 2, ""작업치료사"": 3}",담양군치매안심센터,김동진,061-380-2971,13,치매상담 및 등록관리사업 | 일반조기검진사업 | 치매치료관리비지원 | 치매환자조호물품제공 | 배회가능어르신인식표발급 | 인지강화프로그램운영 | 치매예방교육운영 | 치매예방교실운영 | 치매환자쉼터프로그램운영 | 헤아림가족교실운영 | 치매파트너양성 | 치매극복선도단체양성 | 치매환자맞춤형사례관리사업,파일2
C0311,강북구치매안심센터,서울특별시,강북구,치매안심센터,"서울특별시 강북구 삼양로 335-1, 수유보건지소 2층",,37.63340541,127.0171111,02-991-9831,,,2009-08,1.0,2.0,5.0,"{""작업치료사"": 5, ""임상심리사"": 1}",고려대학교의료원 안암병원,이찬녕,02-991-9831,10,조기검진 | 쉼터 | 가족지원 | 인식개선 등치매검진 | 치매치료비 | 조호물품 | 배회인식표 | 가족모임 | 인지건강센터 | 기억친구 등,파일2
C0312,갈매치매안심실(분소),경기도,구리시,치매안심센터,"경기도 구리시 갈매중앙로 80, 갈매동 복합청사 3층",,37.63144308,127.1177774,031-550-8313,,,2023-01,0.0,1.0,0.0,"{""작업치료사"": 1}",경기도 구리시보건소,김은주,031-550-8313,3,치매조기검진 | 치매쉼터운영 | 치매환자지원서비스,파일2
C0313,광주광역시광역치매센터,광주광역시,동구,광역치매센터,"광주광역시 동구 제봉로 27, 한일빌딩 4층",,35.1411286,126.9211291,062-226-2181,,,2017-01,1.0,3.0,3.0,{},전남대학교병원,신일선,062-226-2181,4,치매극복의날 기념행사 | 한마음 치매극복 걷기행사 | 치매예방교육 및 시민건강강좌 | 치매관련종사자 교육 등,파일2
C0314,보성군치매안심센터,전라남도,보성군,치매안심센터,전라남도 보성군 보성읍 갱맹골길 206,,34.7664558,127.071271,061-850-8695,,,2017-01,2.0,8.0,0.0,{},전라남도 보성군보건소,김학성,061-850-8695,3,치매조기검진 및 등록 관리 | 치매예방교실 | 조호물품제공 등,파일2
C0315,포항시북구치매안심센터,경상북도,포항시,치매안심센터,경상북도 포항시 북구 삼흥로 96(장성동),,36.07072182,129.3797119,054-270-8951,,,2019-12,2.0,13.0,5.0,"{""임상심리사"": 1, ""작업치료사"": 4, ""운동치료사"": 1}",포항시북구보건소,,054-270-8951,10,치매무료검진 | 상담 및 등록 | 치매예방교실 및 치매환지쉼터 프로그램 운영 | 치매치료관리비지원 | 조호물품 제공 | 맞춤형사례관리 | 실종노인의 발생예방 및 찾기 사업 | 치매가족교실 운영 | 치매극복의 날 기념행사 | 치매서포터즈 교육,파일2
C0316,포항시남구치매안심센터,경상북도,포항시,치매안심센터,경상북도 포항시 남구 오천읍 남원로 43,,35.9704125,129.405147,054-270-8901,,,2019-12,2.0,12.0,5.0,"{""임상심리사"": 1, ""작업치료사"": 4, ""행정인력"": 1}",포항시남구보건소,,054-270-8901,10,치매무료검진 | 치매극복의 날 기념행사 | 치매서포터즈 교육 | 상담 및 등록 | 치매예방교실 및 치매환지쉼터 프로그램 운영 | 치매치료관리비지원 | 조호물품 제공 | 맞춤형사례관리 | 실종노인의 발생예방 및 찾기 사업 | 치매가족교실 운영,파일2
C0317,대전광역치매센터,대전광역시,중구,광역치매센터,대전광역시 중구 문화로 282,,36.31684464,127.4153053,042-280-8968,,,2019-03,1.0,1.0,3.0,{},충남대학교병원,송민호,042-280-8968,1,"치매관리 인프라/네트워크 구축,대국민인식개선사업, 교육,연구,조호사업",파일2
C0318,완도군치매안심센터,전라남도,완도군,치매안심센터,전라남도 완도군 완도읍 농공단지길 34,,34.33582329,126.731327,061-550-5810,,,2018-12,1.0,5.0,3.0,{},완도군보건의료원,김선종,061-550-5810,1,치매조기검진 치매예방관리사업 치매사례관리 치매인식개선 및 홍보 치매공공후견인 치매치료관리비 지원사업,파일2
C0319,덕양구보건소치매안심센터,경기도,고양시,치매안심센터,경기도 고양시 덕양구 은빛로 72,,37.6371263948,126.8360076,031-8075-4800,,,2018-07,1.0,8.0,2.0,"{""작업치료사"": 4, ""물리치료사"": 1, ""임상병리사"": 1}",덕양구보건소,심평수,031-8075-4800,7,치매선별검사 및 진단검사 실시 | 치매환자등록ㆍ조호물품ㆍ치매치료관리비 지원 | 경증 치매환자 쉼터 운영 | 치매예방 프로그램 운영 | 치매 안심마을 운영 | 치매 인식개선사업 | 치매환자 실종예방사업,파일2
C0320,양주시 서부 치매안심센터(분소),경기도,양주시,치매안심센터,경기도 양주시 광적면 부흥로 618번길 303,,37.81249969,126.9723072,031-8082-4388,,,2022-12,0.0,4.0,0.0,"{""작업치료사"": 1, ""송영인력"": 1}",양주시보건소,김정은,031-8082-4388,6,치매조기검진 | 치매예방프로그램 | 치매환자 쉼터 | 치매가족지원사업 | 치매약제비 지원 | 조호용품등 지원,파일2
C0321,신곡치매안심센터,경기도,의정부시,치매안심센터,"경기도 의정부시 신곡로 71, 3층 (신곡동, 신곡1동 행정복지센터)",,37.73309574,127.0562161,031-870-6181,,,2018-12,0.0,2.0,0.0,"{""작업치료사"": 1, ""물리치료사"": 1}",의정부시 보건소,장연국,031-870-6181,6,무료치매선별검사 | 치매상담 | 치매예방교육 | 재가치매환자 조호물품 지원 | 치매치료관리비 지원 | 치매 극복의 날 기념행사 등,파일2
C0322,순천시치매안심센터,전라남도,순천시,치매안심센터,전라남도 순천시 중앙로 232,,34.966691,127.486072,061-749-8888,,,2024-09,0.0,8.0,2.0,"{""물리치료사"": 1, ""작업치료사"": 1}",순천시보건소,김지식,061-749-8888,1,"인지재활프로그램, 기억력 검사 등",파일2
C0323,곡성군치매안심센터,전라남도,곡성군,치매안심센터,전라남도 곡성군 곡성읍 곡성로854,,35.27886716,127.2969046,061-360-8981,,,2019-09,0.0,7.0,1.0,"{""행정인력"": 1}",전라남도 곡성군청,,061-360-8981,3,등록관리 | 쉼터 | 예방 등,파일2
C0324,대덕구치매안심센터,대전광역시,대덕구,치매안심센터,대전광역시 대덕구 동춘당로 187,,36.36720857,127.4308384,042-608-4491,,,2019-07,1.0,8.0,1.0,{},대덕구보건소,김주연,042-608-4491,1,"상담, 등록,조기검진,1:1사례관리, 단기쉼터, 치매카페운영",파일2
C0325,유성구치매안심센터,대전광역시,유성구,치매안심센터,대전광역시 유성구 박산로 177,,36.354491,127.328811,042-611-5112,,,2020-11,1.0,7.0,3.0,{},유성구보건소,신현정,042-611-5112,1,"상담, 등록,조기검진,1:1사례관리, 단기쉼터, 치매카페운영",파일2
C0326,동구치매안심센터,대전광역시,동구,치매안심센터,대전광역시 동구 현암로 22,,36.34298597,127.4204612,042-621-6011,,,2019-04,1.0,8.0,3.0,{},동구보건소,장선애,042-621-6011,1,"상담, 등록,조기검진,1:1사례관리, 단기쉼터, 치매카페운영",파일2
C0327,강진군치매안심센터,전라남도,강진군,치매안심센터,전라남도 강진군 강진읍 목리길 11,,34.638335,126.775711,061-430-5294,,,2019-10,2.0,6.0,2.0,"{""행정인력"": 1, ""작업치료사"": 2}",강진군보건소,,061-430-5294,4,치매조기검진 | 쉼터 | 찾아가는 치매예방교실 | 기억채움교실,파일2
C0328,장흥군보건소 치매안심센터,전라남도,장흥군,치매안심센터,전라남도 장흥군 장흥읍 동교1길 13,,34.6770039,126.907038,061-860-6498,,,2018-12,0.0,2.0,7.0,"{""행정인력"": 1}",장흥군보건소,,061-860-6498,10,"치매예방 및 인식개선(교육, 홍보, 선도기관, 파트너양성) | 치매조기검진(선별, 진단,정밀) | 치매예방등록사업(상담 및 사례관리, 환자 및 가족 지원, 인지강화 프로그램, 에방교실) | 치매안심마을 운영 | 치매쉼터 | 치매실종예방사업 | 치매치료비 지원 | 치매조호물품지원 | 치매지역사회 지원강화 | 치매통합관리 정보시스템 구축 운영",파일2
C0329,서구치매안심센터,부산광역시,서구,치매안심센터,"부산광역시 서구 구덕로 127, 4층",,35.09633318,129.0220599,051-240-4912,,,2020-02,2.0,7.0,2.0,"{""작업치료사"": 2, ""임상심리사"": 2}",서구보건소,양태인,051-240-4912,7,치매조기검진 | 등록관리 | 치매환자 지원 | 보호자 상담 | 지역자원연계 | 치매예방교육 및 인식개선 | 프로그램 운영 등,파일2
C0330,신안군치매안심센터,전라남도,신안군,치매안심센터,전라남도 신안군 압해읍 천사로 1004,,34.83360218,126.3514253,061-240-8081,,,2019-12,1.0,7.0,1.0,"{""작업치료사"": 1}",신안군보건소,김현희,061-240-8081,5,치매예방교육 및 인지건강프로그램 | 치매인식개선 및 예방교육 | 치매조기검진사업 | 치매치료관리비지원사업 | 배회가능 어르신 인식표 무료 보급,파일2
C0331,영암군치매안심센터,전라남도,영암군,치매안심센터,전라남도 영암군 영암읍오리정길39,,34.79533941,126.7033414,061-470-6030,,,2019-12,0.0,6.0,3.0,"{""의무기록사"": 1, ""물리치료사"": 1, ""작업치료사"": 2}",치매안심센터,최문형,061-470-6030,2,치매환자 쉼터 | 치매예방교실인지강화교실,파일2
C0332,진도군치매안심센터,전라남도,진도군,치매안심센터,전라남도 진도군 진도읍 남동1길 40-9,,34.480308,126.2629491,061-540-6961,,,2018-12,0.0,5.0,0.0,"{""작업치료사"": 2, ""행정인력"": 3}",진도군보건소,이경희,061-540-6961,2,치매조기검진 및 등록관리 | 인지건강프로그램 등,파일2
C0333,[분소]제주도서귀포시치매안심센터(중문분소),제주특별자치도,서귀포시,치매안심센터,제주특별자치도 서귀포시 천제연로 277 (중문동),,33.25138876,126.434693,064-760-6555,,,2020-07,0.0,1.0,0.0,{},제주특별자치도 서귀포시 중문보건지소,현승호,064-760-6555,5,치매상담 및 등록 관리사업 | 치매조기검진 | 치매환자 조호물품제공 | 치매치료관리비 지원 | 인지재활 프로그램 운영 등,파일2
C0334,[분소]서귀포시서부치매안심센터(안덕분소),제주특별자치도,서귀포시,치매안심센터,"제주특별자치도 서귀포시 안덕면 화순중앙로12번길 30-9 (화순리, 안덕보건지소)",,33.250552,126.3313996,064-760-0975,,,2021-07,0.0,1.0,0.0,{},제주특별자치도 서귀포시 안덕보건지소,고행선,064-760-0975,4,치매조기검진 | 치매상담 및 등록관리 | 치매환자 쉼터 운영 | 조호물품지원 등의 다양한 치매통합서비스 제공,파일2
C0335,흥선치매안심센터,경기도,의정부시,치매안심센터,"경기도 의정부시 흥선로 20, 1층 (가능동, 흥선동행정복지센터)",,37.74626788,127.0306477,031-870-6166,,,2018-12,0.0,2.0,0.0,"{""작업치료사"": 1}",의정부시 보건소,장연국,031-870-6166,6,무료치매선별검사 | 치매상담 | 치매예방교육 | 재가치매환자 조호물품 지원 | 치매치료관리비 지원 | 치매 극복의 날 기념행사 등,파일2
C0336,동남구치매안심센터,충청남도,천안시,치매안심센터,충청남도 천안시 동남구 버들로 40,,36.80718993,127.1514636,041-521-3343,,,2018-01,0.0,11.0,2.0,"{""작업치료사"": 3, ""기타"": 1}",동남구보건소,정정희,041-521-3343,4,치매조기검진 | 인지재활 | 쉼터 | 가족지원사업 등,파일2
C0337,서북구치매안심센터,충청남도,천안시,치매안심센터,충청남도 천안시 서북구 서부8길 29,,36.8197764,127.1398813,041-521-5740,,,2012-03,0.0,9.0,3.0,"{""치위생사"": 1, ""작업치료사"": 2, ""임상심리사"": 1}",서북구보건소,이현기,041-521-5740,4,치매조기검진 | 인지재활 | 쉼터 | 가족지원사업 등,파일2
C0338,전북특별자치도광역치매센터,전북특별자치도,전주시,광역치매센터,"전북특별자치도 전주시 완산구 서원로 328, 2층",,35.81213116,127.1302611,063-247-6082,,,2010-12,1.0,1.0,3.0,"{""임상심리사"": 1, ""작업치료사"": 3}",예수병원,한명일,063-247-6082,4,치매관리사업 계획 | 치매연구치매안심센터 및 노인복지시설 기술지원 | 치매관련 종사인력에 대한 교육훈련 | 치매환자 및 가족에 대한 치매의 예방 교육 및 홍보 등,파일2
C0339,서귀포시동부보건소치매안심센터,제주특별자치도,서귀포시,치매안심센터,제주특별자치도 서귀포시 남원읍 태위로 527,,33.275629,126.703417,064-760-6141,,,2018-07,0.0,3.0,3.0,{},제주특별자치도 서귀포시 동부보건소,강은아,064-760-6141,5,등록관리 | 조기검진 | 단기쉼터 및 치매 카페 운영 | 치매 인식개선 및 홍보 | 치매치료관리 지원 등,파일2
C0340,서귀포보건소치매안심센터,제주특별자치도,서귀포시,치매안심센터,제주특별자치도 서귀포시 중앙로101번길 52,,33.253426,126.555363,064-760-6555,,,2018-07,0.0,7.0,2.0,{},제주특별자치도 서귀포시 서귀포보건소,현승호,064-760-6555,5,등록관리 | 조기검진 | 단기쉼터 및 치매 카페 운영 | 치매 인식개선 및 홍보 | 치매치료관리 지원 등,파일2
C0341,서귀포시서부보건소치매안심센터,제주특별자치도,서귀포시,치매안심센터,제주특별자치도 서귀포시 대정읍 최남단해안로 15번길 12,,33.218673,126.253245,064-760-6249,,,2018-07,0.0,4.0,0.0,{},제주특별자치도 서귀포시 서부보건소,고행선,064-760-6249,5,등록관리 | 조기검진 | 단기쉼터 및 치매 카페 운영 | 치매 인식개선 및 홍보 | 치매치료관리 지원 등,파일2
C0342,대전광역시 중구 치매안심센터,대전광역시,중구,치매안심센터,대전광역시 중구 중앙로 100,,36.32557502,127.4212953,042-288-8180,,,2018-12,2.0,9.0,2.0,"{""작업치료사"": 2, ""임상심리사"": 2}",대전광역시 중구보건소,황효숙,042-288-8180,5,치매환자 등록 관리 | 가족교육 | 예방교육 | 치매검사 | 인지훈련 등,파일2
C0343,[분소]서귀포시동부치매안심센터(표선분소),제주특별자치도,서귀포시,치매안심센터,"제주특별자치도 서귀포시 표선면 표선중앙로 17 (표선리, 표선보건지소)",,33.331192,126.830292,064-760-6365,,,2021-05,0.0,0.0,0.0,{},제주특별자치도 서귀포시 표선보건지소,강은아,064-760-6365,4,치매 조기 검진 | 치매상담 및 등록관리 | 치매 환자 쉼터 | 조호물품 지원 등의 치매통합서비스 제공,파일2
C0344,[분소]서귀포시동부치매안심센터(성산분소),제주특별자치도,서귀포시,치매안심센터,"제주특별자치도 서귀포시 성산읍 고성오조로 42 (고성리, 성산보건지소)",,33.44655494,126.9157478,064-760-6477,,,2021-05,0.0,0.0,0.0,{},제주특별자치도 서귀포시 성산보건지소,강은아,064-760-6477,4,치매 조기 검진 | 치매상담 및 등록관리 | 치매 환자 쉼터 | 조호물품 지원 등의 치매통합서비스 제공,파일2
C0345,권선구치매안심센터,경기도,수원시,치매안심센터,경기도 수원시 권선구 호매실로 22-50(탑동),,37.25874424,126.9711281,031-5191-0425,,,2019-07,2.0,13.0,3.0,"{""작업치료사"": 2}",권선구보건소,조성신,031-5191-0425,5,치매조기검진 | 치매치료관리비지원 | 인지프로그램운영 | 치매가족지지프로그램 운영 | 치매인식개선 및 홍보 등,파일2
C0346,장안구치매안심센터,경기도,수원시,치매안심센터,경기도 수원시 장안구 송원로 101 (조원동),,37.30402833,127.0103129,031-5191-0230,,,2018-10,2.0,11.0,4.0,"{""작업치료사"": 3}",장안구보건소,김정원,031-5191-0230,4,치매조기검진 | 치매치료관리비지원 | 인지프로그램운영 | 치매가족지지프로그램 운영 등,파일2
C0347,제주시 제주치매안심센터,제주특별자치도,제주시,치매안심센터,제주특별자치도 제주시 연삼로 264,,33.49159994,126.520239,064-728-8490,,,2018-08,0.0,12.0,2.0,"{""작업치료사"": 1}",제주특별자치도 제주시 제주보건소,이민철,064-728-8490,9,치매상담 및 등록관리 | 치매조기검진 | 치매예방 및 인지강화교실 | 경증치매 쉼터 프로그램 | 조호물품 지원 | 치매치료비 지원 | 치매가족지원 프로그램 | 인식개선 및 교육홍보사업 | 안심마을 운영 등,파일2
C0348,동안치매안심센터,경기도,안양시,치매안심센터,경기도 안양시 동안구 관악대로 375,,37.404789,126.96453,031-8045-6801,,,2019-11,1.0,10.0,1.0,"{""작업치료사"": 2}",동안구보건소,김순기,031-8045-6801,3,무료 치매검사 | 쉼터운영 | 치매극복의 날 기념행사 등,파일2
C0349,만안치매안심센터,경기도,안양시,치매안심센터,경기도 안양시 만안구 문예로 48 (6층),,37.385898,126.932945,031-8045-3038,,,2019-04,1.0,8.0,1.0,"{""작업치료사"": 2, ""기타"": 1}",만안구보건소,한영자,031-8045-3038,3,무료 치매검사 | 쉼터 운영 | 치매극복의 날 기념행사 등,파일2
C0350,사하구 치매안심센터(다대분소),부산광역시,사하구,치매안심센터,부산광역시 사하구 다대로530번길 7,,35.05916984,128.9713294,051-220-0034,,,2023-02,0.0,1.0,0.0,{},부산광역시 사하구보건소,박승아,051-220-0034,2,치매조기검진 | 조호물품 지원 등,파일2
C0351,사하구 치매안심센터(신평분소),부산광역시,사하구,치매안심센터,부산광역시 사하구 하신중앙로 185,,35.09496763,128.9615408,051-220-0074,,,2020-04,0.0,6.0,1.0,{},부산광역시 사하구보건소,박승아,051-220-0074,3,치매조기검진 | 치료관리비 지원 | 치매 인식 개선을 위한 홍보 캠페인 등,파일2
C0352,포천시치매안심센터 영북분소,경기도,포천시,치매안심센터,경기도 포천시 영북면 영북로166,,38.0892943195,127.2756336536,031-538-4860,,,2018-12,0.0,1.0,0.0,"{""작업치료사"": 1}",경기도 포천시보건소,포천시보건소장,031-538-4860,2,치매검진 | 치매인지강화 프로그램,파일2
C0353,포천시치매안심센터 일동분소,경기도,포천시,치매안심센터,경기도 포천시 일동면 소야길9,,37.9558113615,127.315347,031-538-4547,,,2020-08,0.0,1.0,0.0,"{""작업치료사"": 1}",경기도 포천시보건소,포천시보건소장,031-538-4547,2,치매검진 | 치매인지강화 프로그램,파일2
C0354,세종특별자치시 치매안심센터(어진동),세종특별자치시,세종시,치매안심센터,세종특별자치시 시청대로 583,,36.4953831457,127.3188085003,044-301-2000,,,2019-12,0.0,4.0,1.0,{},세종특별자치시보건소,강민구,044-301-2000,4,치매검진 | 상담 | 쉼터 | 가족교실 프로그램 등 운영(기초),파일2
C0355,세종특별자치시 치매안심센터(조치원),세종특별자치시,세종시,치매안심센터,세종특별자치시 조치원읍 대첩로 32,,36.59626916,127.2928906,044-301-2000,,,2019-12,1.0,4.0,1.0,{},세종특별자치시보건소,강민구,044-301-2000,4,치매검진 | 상담 | 쉼터 | 가족교실 프로그램 등 운영(기초),파일2
C0356,호원치매안심센터,경기도,의정부시,치매안심센터,"경기도 의정부시 신흥로 115, 별관 3층 (호원동, 호원2동행정복지센터)",,37.72645877,127.0431115,031-870-6124,,,2019-12,0.0,3.0,1.0,"{""물리치료사"": 1, ""시설관리"": 1}",의정부시 보건소,장연국,031-870-6124,6,무료치매선별검사 | 치매상담 | 치매예방교육 | 재가치매환자 조호물품 지원 | 치매치료관리비 지원 | 치매 극복의 날 기념행사 등,파일2
C0357,목포시 치매안심센터,전라남도,목포시,치매안심센터,전라남도 목포시 수문로 32,,34.79313246,126.3829319,061-270-4271,,,2018-04,2.0,12.0,3.0,"{""작업치료사"": 3, ""방사선사"": 1, ""행정인력"": 1}",전라남도 목포시 하당보건지소,김경희,061-270-4271,3,치매선별검사 | 치매프로그램 | 치매환자등록관리,파일2
