센터ID,name,유형,시도,시군구,주소,우편번호,위도,경도,전화번호,팩스번호,홈페이지,설립일,의사인원수,간호사인원수,사회복지사인원수,인원_작업치료사,인원_행정인력,인원_운동치료사,인원_임상심리사,인원_음악치료사,인원_송영인력,인원_기타,인원_임상병리사,인원_치위생사,인원_물리치료사,인원_의무기록사,인원_시설관리,인원_방사선사,인원_영양사,인원_응급구조사
C0001,서울특별시강남구치매안심센터,치매안심센터,서울특별시,강남구,"서울 강남구 선릉로108길 27 (삼성동, 강남구치매지원센터) 4층, 5층",06153,37.5103126,127.0463796,02-568-4203,02-568-4280,https://gangnam.nid.or.kr,2018-12-18,2,6,4,,,,,,,,,,,,,,,
C0002,서울특별시강동구치매안심센터,치매안심센터,서울특별시,강동구,"서울 강동구 성내로 45 (성내동, 강동구보건소) 별관 강동구치매안심센터",05397,37.52954199,127.1255855,02-489-1130,02-489-1137,https://gangdong.nid.or.kr,2018-10-01,1,7,6,6,,,,,,,,,,,,,,
C0003,서울특별시강북구치매안심센터,치매안심센터,서울특별시,강북구,"서울 강북구 삼양로 335-1 (수유동, 수유보건지소) 2층 강북구치매안심센터",01098,37.63341432,127.0171553,02-991-9830,02-991-1177,https://gangbuk.nid.or.kr,2018-11-05,0,2,2,1,1,,,,,,,,,,,,,
C0004,서울특별시강서구치매안심센터,치매안심센터,서울특별시,강서구,서울 강서구 화곡로 371 (등촌동) 3층,07590,37.55695579,126.8522421,02-3663-0943,02-3663-0909,https://gangseo.nid.or.kr,2018-07-02,1,10,3,9,,1,1,,,,,,,,,,,
C0005,서울특별시관악구치매안심센터,치매안심센터,서울특별시,관악구,"서울 관악구 관악로 145 (봉천동, 관악구청) 별관 3, 4층",08832,37.47821067,126.9515012,02-879-4910,02-879-7910,https://gwanak.nid.or.kr,2018-07-10,0,8,3,4,,,,,,,,,,,,,,
C0006,서울특별시광진구치매안심센터,치매안심센터,서울특별시,광진구,"서울 광진구 긴고랑로 110 (중곡동, 중곡종합건강센터) 3층 광진구치매안심센터",04922,37.55933773,127.0870912,02-450-1381,02-3425-2102,https://gwangjin.nid.or.kr,2018-07-01,1,9,4,4,1,,,,,,,,,,,,,
C0007,서울특별시구로구치매안심센터,치매안심센터,서울특별시,구로구,"서울특별시 구로구 디지털로 243, 2층(구로동, 지하이시티 2층) 213호 구로구치매안심센터",08227,37.48199214,126.8923489,02-2612-7041~4,02-2612-7045,https://guro.nid.or.kr,2018-07-01,1,11,5,5,,1,,1,1,1,,,,,,,,
C0008,서울특별시금천구치매안심센터,치매안심센터,서울특별시,금천구,"서울 금천구 시흥대로123길 11 (독산동, 독산1동주민센터) 6층, 7 층",08523,37.47021905,126.8970437,02-3281-9082,02-857-0330,https://geumcheon.nid.or.kr,2018-01-01,1,10,4,4,,,,,,,,,,,,,,
C0009,서울특별시노원구치매안심센터,치매안심센터,서울특별시,노원구,"서울 노원구 수락산로 212-20 (상계동, 마들보건지소) 4~5층",01616,37.6714151,127.0552421,02-911-7778,02-911-7760,https://nowon.nid.or.kr,2018-01-02,1,10,8,,,,,,,,,,,,,,,
C0010,서울특별시도봉구치매안심센터,치매안심센터,서울특별시,도봉구,"서울 도봉구 마들로 650 (방학동, 도봉월드상가) 4층 도봉구치매안심센터",01331,37.66802835,127.0470647,02-955-3591,02-955-3596,https://dobong.nid.or.kr,2018-12-13,,,,,,,,,,,,,,,,,,
C0011,서울특별시동대문구치매안심센터,치매안심센터,서울특별시,동대문구,"서울 동대문구 홍릉로 81 (청량리동) 홍릉문화복지센터 1,2층",02470,37.58751632,127.0427076,02-957-3062,02-957-3065,https://dongdaemun.nid.or.kr,2008-04-01,1,5,5,3,1,,,1,,1,,,,,,,,
C0012,서울특별시동작구치매안심센터,치매안심센터,서울특별시,동작구,"서울 동작구 남부순환로 2025 (사당동, 동작구치매안심센터) 동작구치매안심센터",07023,37.47643044,126.9736224,02-598-6088,02-6280-6099,https://dongjak.nid.or.kr,2018-12-31,2,8,3,,8,,,,,,,,,,,,,
C0013,서울특별시마포구치매안심센터,치매안심센터,서울특별시,마포구,서울 마포구 대흥로24길 50 (염리동) 3층 치매안심센터,04123,37.55463975,126.9487442,02-3272-1578,02-3272-1590,https://mapo.nid.or.kr,2018-04-04,1,12,5,,,,,,,,,,,,,,,
C0014,서울특별시서대문구치매안심센터,치매안심센터,서울특별시,서대문구,"서울 서대문구 연희로 290 (홍은동, 서대문보건소별관우리들) 서대문구치매안심센터",03653,37.58292926,126.9364454,02-379-0183,02-379-0104,https://seodaemun.nid.or.kr,2018-01-01,1,6,5,6,1,,,1,,,,,,,,,,
C0015,서울특별시서초구치매안심센터,치매안심센터,서울특별시,서초구,서울 서초구 방배중앙로 118 (방배동) 3층,06563,37.48985373,126.9877701,02-591-1833,02-6959-6988,https://seocho.nid.or.kr,2018-06-30,1,8,6,7,,,,,,,,,,,,,,
C0016,서울특별시성동구치매안심센터,치매안심센터,서울특별시,성동구,"서울 성동구 왕십리로5길 3 (성수동1가, 성수1가제2동 공공복합청사) 5층",04768,37.54640255,127.0443497,02-499-8071,02-499-8075,https://seongdong.nid.or.kr,2018-01-01,1,9,3,4,1,,,,,,,,,,,,,
C0017,서울특별시성북구치매안심센터,치매안심센터,서울특별시,성북구,"서울 성북구 화랑로 63 (하월곡동, 성북구보건소) 5층",02751,37.60271066,127.0395333,02-918-2223,02-918-2216,https://seongbuk.nid.or.kr,2007-06-27,1,11,3,6,1,,,,,,,,,,,,,
C0018,서울특별시송파구치매안심센터,치매안심센터,서울특별시,송파구,"서울 송파구 충민로 184 (장지동, 구립송파노인요양센터) 송파구 치매안심센터(1층)",05792,37.48579492,127.1343222,02-2147-5050,02-2147-3984,https://songpa.nid.or.kr,2018-04-01,0,11,5,6,,,,,,,,,,,,,,
C0019,서울특별시양천구치매안심센터,치매안심센터,서울특별시,양천구,"서울 양천구 남부순환로 407 (신월동) 신월보건지소 3,4층",07921,37.53133706,126.8318233,02-2698-8680,02-2698-8682,https://yangcheon.nid.or.kr,2018-01-01,1,12,4,5,,1,1,,,,,,,,,,,
C0020,서울특별시영등포구치매안심센터,치매안심센터,서울특별시,영등포구,서울 영등포구 당산로29길 9 (당산동3가) 3층,07261,37.52598149,126.8939756,02-831-0855,,https://yeongdeungpo.nid.or.kr,2018-01-01,1,9,4,5,1,1,,1,,,,,,,,,,
C0021,서울특별시용산구치매안심센터,치매안심센터,서울특별시,용산구,"서울 용산구 녹사평대로 150 (이태원동, 용산구종합행정타운) 보건소 지하2층",04390,37.53245229,126.9904788,02-790-1541,02-790-1544,https://yongsan.nid.or.kr,2018-01-02,1,9,3,6,,,,1,,,,,,,,,,
C0022,서울특별시은평구치매안심센터,치매안심센터,서울특별시,은평구,"서울 은평구 연서로34길 11 (불광동, 보건분소) 불광보건지소 1층",03347,37.62156247,126.9276913,02-388-8233,02-388-8235,https://eunpyeong.nid.or.kr,2018-12-19,1,9,4,2,,,1,1,,,,,,,,,,
C0023,서울특별시종로구치매안심센터,치매안심센터,서울특별시,종로구,"서울 종로구 평창문화로 50 (평창동, 종로구치매안심센터) 종로구치매안심센터",03011,37.60542184,126.9669251,02-3675-9001,02-3675-9007,https://jongno.nid.or.kr,2019-12-31,1,6,4,6,1,,,,,,,,,,,,,
C0024,서울특별시중구치매안심센터,치매안심센터,서울특별시,중구,"서울 중구 퇴계로 460 (신당동, 중구종합복지센터) 11층",04579,37.56509826,127.0227631,02-2238-3400,02-2238-5995,https://junggu.nid.or.kr,2019-12-31,1,9,3,4,,,,,,,,,,,,,,
C0025,서울특별시중랑구치매안심센터,치매안심센터,서울특별시,중랑구,"서울 중랑구 봉화산로 190 (신내동, 중랑구청 제2청사) 6층",02076,37.60625232,127.0941678,02-435-7540,02-435-7547,https://jungnang.nid.or.kr,2018-01-01,1,11,3,7,,,,,,,,,,,,,,
C0026,부산광역시강서구치매안심센터,치매안심센터,부산광역시,강서구,"부산 강서구 낙동북로102번길 76 (강동동, 강동보건지소) 2층 치매안심센터",46706,35.2162043,128.937671,051-970-2600,051-970-4799,https://bsgangseo.nid.or.kr,2018-11-15,1,9,3,1,,,1,,,,,,,,,,,
C0027,부산광역시금정구치매안심센터,치매안심센터,부산광역시,금정구,"부산 금정구 중앙대로 1777 (부곡동, 금정구청) 금정구청 별관4층 치매안심센터",46274,35.24205404,129.0924545,051-519-5678,,https://bsgj.nid.or.kr,2018-06-20,0,10,2,,,,,,,,,,,,,,,
C0028,부산광역시기장군치매안심센터,치매안심센터,부산광역시,기장군,"부산 기장군 정관읍 용수로 11 (용수리, 정관보건지소) 정관보건지소",46014,35.32519724,129.1793766,051-709-2984,051-727-0322,https://gijang.nid.or.kr,2018-11-05,1,9,4,,,,,,,,,,,,,,,
C0029,부산광역시남구치매안심센터,치매안심센터,부산광역시,남구,"부산 남구 못골로 23 (대연동, 남구보건소) 남구보건소 3층",48452,35.13606784,129.0849507,051-607-3781,051-607-3789,https://bsnamgu.nid.or.kr,2025-06-16,1,10,3,2,,,1,,,1,,,,,,,,
C0030,부산광역시동구치매안심센터,치매안심센터,부산광역시,동구,"부산 동구 구청로 14 (수정동, 동구보훈회관) 5~6층",48782,35.1283296,129.0450647,051-440-6441,,https://bsdonggu.nid.or.kr,2018-03-21,0,6,3,2,,,1,,,,,,,,,,,
C0031,부산광역시동래구치매안심센터,치매안심센터,부산광역시,동래구,"부산 동래구 명륜로187번길 56 (명륜동, 동래구보건소) 4층 치매안심센터",47741,35.21141256,129.0798533,051-550-6767,051-550-6749,https://dongnae.nid.or.kr,2018-06-22,3,10,2,2,,,1,,,,,,,,,,,
C0032,부산광역시부산진구치매안심센터,치매안심센터,부산광역시,부산진구,부산 부산진구 새싹로 253 (초읍동) 부산진구 치매안심센터,47104,35.17870907,129.04755,051-605-6107,051-605-5999,https://busanjin.nid.or.kr,2018-12-28,0,10,6,2,,,1,,,,,,,,,,,
C0033,부산광역시북구치매안심센터,치매안심센터,부산광역시,북구,"부산 북구 덕천로 123 (덕천동, 덕천3동공영주차장) 행복키움센터 4층 치매안심센터",46575,35.2105403,129.0181319,051-309-5281,051-309-5299,https://bsbukgu.nid.or.kr,2019-08-27,2,9,3,3,,,1,,,,,,,,,,,
C0034,부산광역시사상구치매안심센터,치매안심센터,부산광역시,사상구,"부산 사상구 학감대로 242 (감전동, 사상구청) 사상구 보건소 2층",46985,35.15255072,128.9914561,051-310-4853,051-310-4799,https://sasang.nid.or.kr,2019-07-15,1,11,4,3,,,,,,,1,,,,,,,
C0035,부산광역시사하구치매안심센터,치매안심센터,부산광역시,사하구,부산 사하구 까치고개로 50-10 (실버힐링센터 2-3층) 실버힐링센터,49347,35.10448398,129.0063462,051-220-5971~5,051-202-5720,https://saha.nid.or.kr,2019-05-14,0,7,2,2,,,,,1,,,,,,,,,
C0036,부산광역시서구치매안심센터,치매안심센터,부산광역시,서구,부산 서구 구덕로 127 (토성동5가) 서구가족센터 4층,49252,35.09633258,129.022058,051-240-4912,051-240-4799,https://bsseogu.nid.or.kr,2019-09-30,2,7,2,2,,,2,,,,,,,,,,,
C0037,부산광역시수영구치매안심센터,치매안심센터,부산광역시,수영구,"부산 수영구 수영로 637-5 (광안동, 수영구 보건소) 별관, 수영구치매안심센터",48247,35.1624774,129.1134882,051-610-4901,,https://suyeong.nid.or.kr,2018-12-19,0,5,2,3,,,1,,,,,,,,,,,
C0038,부산광역시연제구치매안심센터,치매안심센터,부산광역시,연제구,부산 연제구 중앙대로1038번길 40 (연산동) 시청앞 행복주택 204동(연제구 건강관리센터) 3~4층,47600,35.17925419,129.0784461,051-665-5460,051-665-5439,https://yeonje.nid.or.kr,2018-11-29,2,11,2,2,,,1,,,,,,,,,,,
C0039,부산광역시영도구치매안심센터,치매안심센터,부산광역시,영도구,"부산 영도구 태종로 423 (청학동, 영도구청) 영도구 보건소 신관 1층",49011,35.09121745,129.0679105,051-419-4954,,https://yeongdo.nid.or.kr,2018-12-18,3,8,3,1,,,1,,,,,,,,,,,
C0040,부산광역시중구치매안심센터,치매안심센터,부산광역시,중구,부산 중구 흑교로 48 (보수동1가) 중구복합건강센터 2층,48962,35.10377395,129.0253563,051-600-4688,,https://bsjunggu.nid.or.kr,2019-03-06,1,5,3,4,,,1,,,,,,,,,,,
C0041,부산광역시해운대구치매안심센터,치매안심센터,부산광역시,해운대구,"부산 해운대구 양운로37번길 59 (좌동, 해운대구보건소) 2관 치매안심센터 3층,4층",48104,35.1641127,129.1786594,051-749-0770,051-749-7589,https://haeundae.nid.or.kr,2019-05-16,4,15,2,2,1,,1,,,,,,,,,,,
C0042,대구광역시남구치매안심센터,치매안심센터,대구광역시,남구,"대구 남구 영선길 34 (대명동, 남구 보건소) 5층 치매안심센터",42424,35.85389994,128.5915237,053-664-6300,053-664-3709,https://namdaegu.nid.or.kr,2019-06-11,0,9,2,3,,,2,,,,,,,,,,,
C0043,대구광역시달서구치매안심센터,치매안심센터,대구광역시,달서구,"대구 달서구 와룡로 106(본리동, 달서구 치매안심센터) 달서구치매안심센터",42674,35.842085,128.5376247,053-667-5771,053-667-5779,https://dalseo.nid.or.kr,2019-05-20,0,13,5,2,,,1,,,1,,,,,,,,
C0044,대구광역시달성군치매안심센터,치매안심센터,대구광역시,달성군,대구 달성군 현풍읍 현풍중앙로 27 (하리) 달성군보건소 5층 달성군치매안심센터,43004,35.69200624,128.4462105,053-668-3841,053-282-8141,https://dalseong.nid.or.kr,2019-04-24,1,11,4,2,,,,,,,,1,,,,,,
C0045,대구광역시동구치매안심센터,치매안심센터,대구광역시,동구,"대구 동구 동촌로 79 (검사동, 동구보건소) 4층 치매안심센터",41143,35.88812209,128.6512166,053-662-3175,053-662-3199,https://dongdaegu.nid.or.kr,2018-12-20,2,10,5,3,,,,,,,,,,,,,,
C0046,대구광역시북구치매안심센터,치매안심센터,대구광역시,북구,"대구 북구 성북로 49 (침산동, 북구보건소) 5층",41550,35.891715,128.588813,053-665-3135,053-665-3279,https://bukdaegu.nid.or.kr,2019-07-04,1,13,4,4,1,,1,,1,,,,,,,,,
C0047,대구광역시서구치매안심센터,치매안심센터,대구광역시,서구,대구 서구 북비산로71길 7 (비산동) 서구치매안심센터,41735,35.88016148,128.5723999,053-663-3811,053-663-3819,https://dgs.nid.or.kr,2019-05-16,0,11,2,2,1,,,,1,,,,,,,,,
C0048,대구광역시수성구치매안심센터,치매안심센터,대구광역시,수성구,"대구 수성구 수성로 213 (중동, 수성구보건소) 별관 2~3층",42152,35.84495927,128.6119385,053-666-3181,053-666-4898,https://suseong.nid.or.kr,2019-03-28,0,14,4,4,1,,2,,,,,,,,,,,
C0049,대구광역시중구치매안심센터,치매안심센터,대구광역시,중구,"대구 중구 태평로 45 (태평로3가, 중구보건소) 3층 중구치매안심센터",41901,35.87790606,128.5833355,053-661-3911,053-661-3139,https://dgjunggu.nid.or.kr,2018-01-23,1,7,3,,,,,,,,,,,,,,,
C0050,대구광역시군위군치매안심센터,치매안심센터,대구광역시,군위군,"대구 군위군 군위읍 군청로 70 (동부리, 군위군보건소) 2층 치매안심센터",43120,36.22952003,128.5698713,054-380-7491,054-380-6757,https://gunwi.nid.or.kr,2019-12-23,1,6,2,,,,,,,,,,,,,,,
C0051,인천광역시강화군치매안심센터,치매안심센터,인천광역시,강화군,인천 강화군 강화읍 충렬사로 26-1 (남산리) 강화군보건소 내,23037,37.7372942,126.4848586,032-930-4057,032-930-3642,https://ganghwa.nid.or.kr,2018-12-28,0,3,7,2,4,,2,,4,,1,1,2,,,,,
C0052,인천광역시계양구치매안심센터,치매안심센터,인천광역시,계양구,"인천 계양구 계양문화로 63 (계산동, 계양구보건소) 계양구 보건소 4층",21068,37.53642762,126.7362452,032-430-7867,032-547-9226,https://gyeyang.nid.or.kr,2017-12-01,2,14,1,,1,,,,1,2,,,,,,,,
C0053,인천광역시미추홀구치매안심센터,치매안심센터,인천광역시,미추홀구,인천 미추홀구 경인로34번길 20 (숭의동) 5층 미추홀구치매안심센터,22169,37.46303566,126.6472695,032-728-6520,,https://michuhol.nid.or.kr,2018-11-30,2,23,3,,,,,,,,,,,,,,,
C0054,인천광역시남동구치매안심센터,치매안심센터,인천광역시,남동구,"인천 남동구 소래로 633 (만수동, 남동구청) 남동구 보건소 3층",21589,37.44738839,126.7306774,032-453-5910,,https://namdong.nid.or.kr,2019-01-24,0,19,1,2,,,1,,,13,,,,,,,,
C0055,인천광역시동구치매안심센터,치매안심센터,인천광역시,동구,인천 동구 방축로 193 (송림동) 동구치매안심센터,22532,37.4798949,126.6665634,032-772-6307,032-760-4949,https://icdonggu.nid.or.kr,2018-12-21,0,11,1,,,,1,,,6,1,,,,,,,
C0056,인천광역시부평구치매안심센터,치매안심센터,인천광역시,부평구,"인천 부평구 주부토로 65 (부평동, 부평4동 행정복지센터) 6층, 7층 부평구치매안심센터",21359,37.50084167,126.7249748,032-509-1308,032-509-1309,https://icbp.nid.or.kr,2019-09-27,2,34,1,,,,,,,,,,,,,,,
C0057,인천광역시서구치매안심센터,치매안심센터,인천광역시,서구,"인천 서구 봉오재3로94번길 11 (가정동, MK타워)5층 서구치매안심센터",22731,37.52682819,126.6704561,032-718-0630,032-718-0798,https://seoincheon.nid.or.kr,2019-12-18,0,24,1,,,,,,,,,,,,,,,
C0058,인천광역시연수구치매안심센터,치매안심센터,인천광역시,연수구,인천 연수구 예술로20번길 15 (선학동) 연수구치매안심센터,21907,37.43578309,126.6996474,1899-9080,032-749-8939,https://yeonsu.nid.or.kr,2017-12-08,0,13,1,2,10,,,,,,,,,,,,,
C0059,인천광역시옹진군치매안심센터,치매안심센터,인천광역시,옹진군,"인천 미추홀구 매소홀로 120 (용현동, 옹진군청) 옹진군보건소 3층",22193,37.44657047,126.6367454,032-721-0520,032-899-3149,https://ongjin.nid.or.kr,2017-12-01,0,1,0,,,,,,,1,,,,,,,,
C0060,인천광역시중구치매안심센터,치매안심센터,인천광역시,중구,"인천 중구 참외전로72번길 21 (전동, 중구보건소) 4층 중구치매안심센터",22309,37.47721729,126.6291077,032-760-6060,,https://icjg.nid.or.kr,2018-11-23,0,7,1,1,,,,,,,,,,,,,,
C0061,광주광역시광산구치매안심센터,치매안심센터,광주광역시,광산구,광주광역시 광산구 용아로379번길 77(산정동 1033) 광산구치매안심센터,62430,35.17615122,126.8002346,062-960-6930,062-960-3738,https://gwangsan.nid.or.kr,2019-12-05,0,10,2,,,,,,,,,,,,,,,
C0062,광주광역시남구치매안심센터,치매안심센터,광주광역시,남구,광주 남구 효우로 80 (노대동) 남구 치매안심센터,61744,35.10631349,126.9035759,062-607-4369,062-675-2041,https://gjnamgu.nid.or.kr,2020-02-24,0,9,0,,,,,,,7,,,,,,,,
C0063,광주광역시동구치매안심센터,치매안심센터,광주광역시,동구,"광주 동구 서남로 14 (서석동, 서남동주민센터) 7층",61468,35.14495096,126.923163,062-608-3490,062-608-3499,https://gjdonggu.nid.or.kr,2018-09-12,1,11,1,2,1,,,,,,,,1,,,,,
C0064,광주광역시북구치매안심센터,치매안심센터,광주광역시,북구,광주광역시 북구 북문대로 234(동림동) 북구치매안심센터 2층,61217,35.18696695,126.8668768,062-410-8124,062-510-1447,https://gjbukgu.nid.or.kr,2019-09-06,1,13,1,,2,,,,,1,,,,,,,,
C0065,광주광역시서구치매안심센터,치매안심센터,광주광역시,서구,광주 서구 상무대로884번길 17-20 (쌍촌동),61990,35.14885739,126.860335,062-350-4759,062-371-0093,https://gjseogu.nid.or.kr,2017-12-01,1,11,1,1,5,,2,,,1,,,,,,,,
C0066,대전광역시대덕구치매안심센터,치매안심센터,대전광역시,대덕구,"대전 대덕구 동춘당로 187 (법동, 법2동행정복지센터) 3층",34406,36.36720767,127.4308386,042-608-5426,042-608-3851,https://daedeok.nid.or.kr,2018-07-20,1,13,1,1,,,1,,,,,,,,,,,
C0067,대전광역시동구치매안심센터,치매안심센터,대전광역시,동구,"대전 동구 현암로 22 (삼성동) 2, 3층",34563,36.34298696,127.4204617,042-621-6011,042-625-6077,https://djdonggu.nid.or.kr,2018-04-10,0,8,4,,6,,,,,,,,,,,,,
C0068,대전광역시서구치매안심센터,치매안심센터,대전광역시,서구,"대전 서구 만년로 74 (만년동, 대전서구보건소) 서구보건소 5층(치매안심센터)",35203,36.36708849,127.3810998,042-288-4470,042-288-5934,https://djseogu.nid.or.kr,2018-04-24,1,11,4,,,,,,,,,,,,,,,
C0069,대전광역시유성구치매안심센터,치매안심센터,대전광역시,유성구,대전 유성구 박산로 177 (구암동) 유성구보건소 2층,34174,36.35381247,127.3286409,042-611-5018,042-611-5110,https://yuseong.nid.or.kr,2018-05-31,0,6,3,3,,,1,,,,,,,,,,,
C0070,대전광역시중구치매안심센터,치매안심센터,대전광역시,중구,"대전 중구 중앙로 100 (대흥동, 중구청 제3별관 1층) 중구치매안심센터",34939,36.32557502,127.4212953,042-288-8180,042-288-8981,https://djjunggu.nid.or.kr,2018-08-20,1,4,1,,,,,,,,,,,,,,,
C0071,울산광역시남구치매안심센터,치매안심센터,울산광역시,남구,"울산 남구 삼산중로 132 (삼산동, 울산남구보건소) 남구보건소 별관 치매안심센터",44698,35.54535764,129.3363283,052-226-2323,052-226-3227,https://ulsannamgu.nid.or.kr,2019-04-30,0,6,1,4,,,1,,,1,1,,,,,,,
C0072,울산광역시동구치매안심센터,치매안심센터,울산광역시,동구,"울산 동구 봉수로 155 (화정동, 동구청) 보건소 1층 치매안심센터",44021,35.5050746,129.4164426,052-209-4060,052-209-4079,https://ulsandonggu.nid.or.kr,2018-08-01,1,8,1,2,,,,,,,,,,,,,,
C0073,울산광역시북구치매안심센터,치매안심센터,울산광역시,북구,"울산 북구 산업로 1018 (연암동, 보건소) 지하1층, 지상1,2층 치매안심센터",44248,35.58355486,129.3607106,052-241-8257,052-241-8109,https://ulsanbukgu.nid.or.kr,2018-10-18,1,6,1,3,,,,,,,,,,,,,,
C0074,울산광역시울주군치매안심센터,치매안심센터,울산광역시,울주,울산 울주군 웅촌면 은현작동로 49 (검단리) 울주군 치매안심센터,44965,35.45690394,129.1768249,052-204-2878,052-204-2879,https://ulju.nid.or.kr,2018-05-30,,,,,,,,,,,,,,,,,,
C0075,울산광역시중구치매안심센터,치매안심센터,울산광역시,중구,"울산 중구 외솔큰길 225 (남외동, 중구보건소) 2층",44495,35.56945595,129.3504156,052-290-4366,052-290-4389,https://ulsanjunggu.nid.or.kr,2018-10-24,0,9,1,2,,,,,,,,1,,1,1,,,
C0076,세종특별자치시치매안심센터,치매안심센터,세종특별자치시,세종시,"세종특별자치시 조치원읍 대첩로 32 (신흥리, 세종특별자치시보건소) 별관2층 치매안심센터",30029,36.59626916,127.2928906,044-301-2311~2318,044-301-2319,https://sejongansim.nid.or.kr,2019-06-03,1,4,1,,,,,,,,,,,,,,,
C0077,경기도가평군치매안심센터,치매안심센터,경기도,가평군,"경기 가평군 가평읍 가화로 155-18 (읍내리, 가평군보건소) 가평군보건소",12413,37.83350281,127.510601,031-580-2849,031-580-2559,https://gp.nid.or.kr,2018-12-26,1,5,1,2,,,,,,,,,,,,,,
C0078,경기도고양시덕양구치매안심센터,치매안심센터,경기도,고양시 덕양구,경기 고양시 덕양구 은빛로 72 (화정동) 내일 꿈 제작소 B동 3층,10498,37.63718564,126.8361898,031-8075-4800,,https://deogyang.nid.or.kr,2018-07-20,,,,,,,,,,,,,,,,,,
C0079,경기도고양시일산동구치매안심센터,치매안심센터,경기도,고양시 일산동구,경기 고양시 일산동구 중앙로 1100 (백석동) 별관 2층 치매안심센터,10421,37.64707633,126.7834627,031-8075-4850,031-8075-4886,https://ilsandonggu.nid.or.kr,2018-04-25,,,,,,,,,,,,,,,,,,
C0080,경기도고양시일산서구치매안심센터,치매안심센터,경기도,고양시 일산서구,"경기 고양시 일산서구 일중로 54 (일산동, 일산서구보건소) 일산서구보건소 2층 치매안심센터",10340,37.68447523,126.7757855,031-8075-4871,031-976-2043,https://goyangiss.nid.or.kr,2018-05-23,,,,,,,,,,,,,,,,,,
C0081,경기도과천시치매안심센터,치매안심센터,경기도,과천시,"경기 과천시 관문로 69 (중앙동, 과천시청) 과천시보건소 별관1층",13806,37.43022157,126.9867975,02-2150-3574,02-2150-1542,https://ghc.nid.or.kr,2020-09-11,1,5,1,3,,,1,,,,,,,,,,,
C0082,경기도광명시치매안심센터,치매안심센터,경기도,광명시,"경기 광명시 소하로 196 (소하동, 광명노인건강센터) 3층 치매안심센터",14322,37.44656741,126.894916,02-2680-5830,,https://gm.nid.or.kr,2018-07-24,1,16,1,1,1,,,,,,,,,,,,,
C0083,경기도광주시치매안심센터,치매안심센터,경기도,광주시,"경기 광주시 초월읍 경충대로 1009-40 (쌍동리, 동부건강센터) 2층",12736,37.36884855,127.3027557,031-762-8756,031-760-1454,https://gjcity.nid.or.kr,2018-11-15,0,7,5,1,,,,,,,,,,,,,,
C0084,경기도구리시치매안심센터,치매안심센터,경기도,구리시,"경기 구리시 건원대로34번길 84 (인창동, 구리보건소) 4층(구리시 치매안심센터)",11922,37.60473625,127.1450794,031-550-8642,031-550-2700,https://guri.nid.or.kr,2019-03-18,1,7,1,3,1,,2,,,1,,,,,,,,
C0085,경기도군포시치매안심센터,치매안심센터,경기도,군포시,"경기 군포시 산본로 329 (산본동, 경원빌딩) 8층",15865,37.36002061,126.9330897,031-389-4988,031-427-5629,https://gunpo.nid.or.kr,2018-05-15,0,10,4,,,,,,,,,,,,,,,
C0086,경기도김포시치매안심센터,치매안심센터,경기도,김포시,"경기 김포시 사우중로73번길 52 (북변동, 래미안 프라자) 4층",10097,37.62308177,126.7211346,031-5186-4170,031-981-8983,https://gimpo.nid.or.kr,2018-05-30,2,8,1,3,,,,,,1,,,,,,,,
C0087,경기도남양주시치매안심센터,치매안심센터,경기도,남양주시,"경기 남양주시 경춘로 522 (다산동, 남양주시청제2청사) 남양주보건소 2층",12284,37.61024303,127.1719612,031-590-8700,031-590-8129,https://nyj.nid.or.kr,2018-03-15,1,5,1,3,,,1,,,,,,,,,,,
C0088,경기도남양주시풍양치매안심센터,치매안심센터,경기도,남양주시 풍양,"경기 남양주시 진접읍 금강로 1509-26 (장현리, 진접읍사무소) 진접오남행정복지센터 복지동 2층",12009,37.72632836,127.189863,031-590-8381,031-590-6999,https://nyjpungyang.nid.or.kr,2018-07-30,,,,,,,,,,,,,,,,,,
C0089,경기도동두천시치매안심센터,치매안심센터,경기도,동두천시,경기 동두천시 거북마루로 49 (생연동) 동두천시 보건소 별관 1층,11344,37.89626429,127.0516304,031-860-3395,,https://ddc.nid.or.kr,2019-12-19,0,4,3,1,2,,,,,,,,,,,,,
C0090,경기도부천시원미치매안심센터,치매안심센터,경기도,부천시 원미구,"경기 부천시 원미구 길주로 410 (춘의동, 치매안심센터) 부천시치매안심센터",14555,37.50365381,126.7880109,032-625-9840,032-625-9859,https://bucheon.nid.or.kr,2019-12-23,,,,,,,,,,,,,,,,,,
C0091,경기도성남시분당구치매안심센터,치매안심센터,경기도,성남시 분당구,"경기도 성남시 분당구 내정로94 (정자동, 한솔마을 주공7단지 아파트) 711동 1층 분당구치매안심센터",13607,37.3673875,127.1155094,031-729-8783,031-729-4569,https://bdseongnam.nid.or.kr,2018-08-01,,,,,,,,,,,,,,,,,,
C0092,경기도성남시수정구치매안심센터,치매안심센터,경기도,성남시 수정구,"경기 성남시 수정구 수정로 218 (신흥동, 수정구보건소) 3층 수정구치매안심센터",13346,37.44432902,127.1440618,031-729-3879,031-729-8676,https://shseongnam.nid.or.kr,2018-07-02,,,,,,,,,,,,,,,,,,
C0093,경기도성남시중원구치매안심센터,치매안심센터,경기도,성남시 중원구,"경기 성남시 중원구 금상로 137 (상대원동, 노인보건센터, 중원구보건소) 노인보건센터 4층 치매안심센터",13200,37.44215625,127.1705808,031-739-3030,031-739-3904,https://jhseongnam.nid.or.kr,2017-12-26,,,,,,,,,,,,,,,,,,
C0094,경기도수원시권선구치매안심센터,치매안심센터,경기도,수원시 권선구,"경기 수원시 권선구 호매실로 22-50 (탑동, 권선구보건소) 권선구보건소 1층",16626,37.2587428,126.9711297,031-5191-0425,031-369-2124,https://gwonseon.nid.or.kr,2019-07-16,,,,,,,,,,,,,,,,,,
C0095,경기도수원시영통구치매안심센터,치매안심센터,경기도,수원시 영통구,"경기 수원시 영통구 영통로 396 (영통동, 영통구보건소) 영통구치매안심센터 3층, 5층",16703,37.2568828,127.0697108,031-5191-0824,031-5191-8818,https://yeongtong.nid.or.kr,2018-01-01,,,,,,,,,,,,,,,,,,
C0096,경기도수원시장안구치매안심센터,치매안심센터,경기도,수원시 장안구,"경기 수원시 장안구 송원로 101 (조원동, 장안보건소) 1층 치매안심센터,2층치매안심센터",16295,37.30409473,127.0104007,031-5191-0230,031-369-2502,https://jangan.nid.or.kr,2018-10-12,,,,,,,,,,,,,,,,,,
C0097,경기도수원시팔달구치매안심센터,치매안심센터,경기도,수원시 팔달구,"경기 수원시 팔달구 팔달산로 6 (교동, 팔달구 보건소) 2층 치매안심센터",16463,37.27149964,127.0125182,031-5191-0630,031-369-4542,https://paldal.nid.or.kr,2019-06-26,,,,,,,,,,,,,,,,,,
C0098,경기도시흥시치매안심센터,치매안심센터,경기도,시흥시,경기도 시흥시 호현로 55 (대야동) 시흥보건소 5층 시흥시치매안심센터,14978,37.44553633,126.7853141,031-310-6065,031-380-5364,https://sh.nid.or.kr,2017-09-28,0,8,1,2,,,,,1,,,,,,,,,
C0099,경기도안산시단원구치매안심센터,치매안심센터,경기도,안산시 단원구,"경기도 안산시 단원구 화랑로 250, 단원보건소 3층 (초지동)",15396,37.32106776,126.8152629,031-481-6541,031-481-2565,https://danwon.nid.or.kr,2018-03-28,,,,,,,,,,,,,,,,,,
C0100,경기도안산시상록구치매안심센터,치매안심센터,경기도,안산시 상록구,"경기 안산시 상록구 차돌배기로1길 5 (사동, 상록수보건소) 상록수보건소 3층",15585,37.30026456,126.8450634,031-481-5848,031-481-3783,https://sangroksoo.nid.or.kr,2018-05-15,,,,,,,,,,,,,,,,,,
C0101,경기도안성시치매안심센터,치매안심센터,경기도,안성시,"경기 안성시 강변로74번길 18 (도기동, 안성시보건소) 1층 치매안심센터",17596,37.00016961,127.2698131,031-678-3002,031-678-5919,https://anseong.nid.or.kr,2018-12-21,0,8,5,4,2,,1,,,,,,,,,,,
C0102,경기도안양시동안구치매안심센터,치매안심센터,경기도,안양시 동안구,경기 안양시 동안구 관악대로 375 (관양동) 동안치매안심센터,13939,37.40479042,126.9645299,031-8045-6801,031-8045-6577,https://dongan.nid.or.kr,2018-01-01,,,,,,,,,,,,,,,,,,
C0103,경기도안양시만안구치매안심센터,치매안심센터,경기도,안양시 만안구,"경기 안양시 만안구 문예로 48 (안양동, 만안구보건소) 6층 치매안심센터",14035,37.38584733,126.9329445,031-8045-3150,031-8045-6575,https://manan.nid.or.kr,2019-04-08,,,,,,,,,,,,,,,,,,
C0104,경기도양주시치매안심센터,치매안심센터,경기도,양주시,경기 양주시 화합로1426번길 90 (덕정동) 양주체육복지센터 5층,11451,37.83814181,127.068036,031-8082-7147,0505-041-1961,https://yangju.nid.or.kr,2019-05-15,1,9,1,1,1,,,,,,,,,,,,,
C0105,경기도양평군치매안심센터,치매안심센터,경기도,양평군,"경기 양평군 양평읍 중앙로111번길 34-21 (공흥리, 양평군 치매안심센터 및 정신건강복지센터) 1층 양평군치매안심센터",12550,37.49662351,127.5051583,031-771-5773,031-770-2848,https://yangpyeong.nid.or.kr,2018-12-01,0,6,6,5,3,,,,,,,,,,,,,
C0106,경기도여주시치매안심센터,치매안심센터,경기도,여주시,경기 여주시 여흥로160번길 12 (상동) 치매안심센터(1층),12628,37.29477832,127.6399084,031-887-3685,031-887-3610,https://yeoju.nid.or.kr,2018-01-02,1,6,1,1,,,,,,,,,,,,,,
C0107,경기도연천군치매안심센터,치매안심센터,경기도,연천군,"경기 연천군 전곡읍 은대성로 95 (은대리, 연천군보건의료원) 4층 치매안심센터",11027,38.02353355,127.0609624,031-839-4083,031-839-4169,https://yeoncheon.nid.or.kr,2018-07-27,0,3,3,1,2,,,,,,,,,,,,,
C0108,경기도오산시치매안심센터,치매안심센터,경기도,오산시,"경기 오산시 경기대로 307 (오산동, 중앙동행정복지센터) 3층 치매안심센터",18135,37.15235202,127.0732064,031-8036-6611,031-8036-8924,https://osan.nid.or.kr,2018-07-02,1,8,2,3,3,,,,,,,,,,,,,
C0109,경기도용인시기흥구치매안심센터,치매안심센터,경기도,용인시 기흥구,"경기 용인시 기흥구 신갈로58번길 11 (신갈동, 신갈동주민센터및기흥구보건소) 2층,4층",16969,37.27257613,127.1064466,031-6193-0410,031-6193-0369,https://giheung.nid.or.kr,2018-09-20,,,,,,,,,,,,,,,,,,
C0110,경기도용인시수지구치매안심센터,치매안심센터,경기도,용인시 수지구,"경기 용인시 수지구 포은대로 435 (풍덕천동, 수지구청, 보건소) 수지구보건소 5층",16835,37.32217005,127.0968356,031-6193-0881,031-6193-0869,https://suji.nid.or.kr,2018-11-02,,,,,,,,,,,,,,,,,,
C0111,경기도용인시처인구치매안심센터,치매안심센터,경기도,용인시 처인구,"경기 용인시 처인구 중부대로 1199 (삼가동, 용인시청) 처인구보건소 지하1층",17019,37.24101936,127.1778963,031-6193-0199,031-6193-0169,https://cheoingu.nid.or.kr,2018-09-17,,,,,,,,,,,,,,,,,,
C0112,경기도의왕시치매안심센터,치매안심센터,경기도,의왕시,"경기 의왕시 오봉로 34 (고천동, 의왕시보건소) 3층 치매안심센터",16076,37.34378769,126.9719938,031-345-3853,031-345-2989,https://uiwang.nid.or.kr,2019-03-05,1,6,1,4,,,,,,,,,,,,,,
C0113,경기도의정부시치매안심센터,치매안심센터,경기도,의정부시,"경기 의정부시 민락로 360 (낙양동, 송산3동 공공복합청사) 5층",11812,37.75318982,127.1137733,031-870-6158,,https://ujb.nid.or.kr,2018-11-22,0,5,0,1,,,,,,,,,,,1,,,
C0114,경기도이천시치매안심센터,치매안심센터,경기도,이천시,경기 이천시 부악로 36 (중리동) 1층,17379,37.27310982,127.4333117,031-6190-7211,031-634-2745,https://icheon.nid.or.kr,2018-11-13,8,2,3,2,,,,,,,,1,,,,,,
C0115,경기도파주시치매안심센터,치매안심센터,경기도,파주시,"경기 파주시 조리읍 봉천로 68 (봉일천리, 파주시건강증진센터) 3층 치매안심센터",10937,37.74507907,126.8050112,031-940-3740,031-940-5139,https://paju.nid.or.kr,2018-07-11,1,15,2,1,3,,,,,3,,,,,,,,
C0116,경기도평택시송탄치매안심센터,치매안심센터,경기도,평택시 송탄,"경기 평택시 서정로 295 (서정동, 송탄보건소) 송탄치매안심센터",17730,37.0657141,127.0664973,031-8024-7257,031-8024-7309,https://songtan.nid.or.kr,2019-11-20,,,,,,,,,,,,,,,,,,
C0117,경기도평택시치매안심센터,치매안심센터,경기도,평택시,경기도 평택시 중앙1로56번길 25(비전동) 2층 치매안심센터,17901,36.9962511,127.0891907,031-8024-4399,031-8024-4439,https://pyeongtaek.nid.or.kr,2019-03-25,3,5,1,2,2,,1,,,,,,,,,,,
C0118,경기도포천시치매안심센터,치매안심센터,경기도,포천시,경기 포천시 삼육사로2186번길 11-15 (선단동) 2층 치매안심센터(선단보건지소 2층),11161,37.8534727,127.1593106,031-538-4831,031-538-4830,https://pocheon.nid.or.kr,2018-09-28,0,6,1,3,2,,,,,,,,,,,,,
C0119,경기도하남시치매안심센터,치매안심센터,경기도,하남시,경기 하남시 미사강변대로 200 (망월동) 4층,12909,37.56763908,127.185541,031-790-6254,031-790-6439,https://hanam.nid.or.kr,2018-07-27,1,5,1,2,,,,,,,1,1,,,,,,
C0120,경기도화성시치매안심센터,치매안심센터,경기도,화성시,"경기 화성시 향남읍 3.1만세로 1055 (발안리, 화성시보건소) 1층 치매안심센터(치매관리실)",18596,37.12928157,126.9045557,031-5189-1080,031-5189-1403,https://hscity.nid.or.kr,2018-06-14,0,6,2,,,,,,1,,,,,,,,,
C0121,경기도부천시오정치매안심센터,치매안심센터,경기도,부천시 오정구,"경기 부천시 오정구 성오로 172 (오정동, 오정구청) 오정보건소 내(오정치매안심센터) 2층",14434,37.52834682,126.7960266,032-625-9881,032-625-9839,https://ojeong.nid.or.kr,2018-12-27,,,,,,,,,,,,,,,,,,
C0122,경기도부천시소사치매안심센터,치매안심센터,경기도,부천시 소사,경기 부천시 소사구 소사본동 148-30 소사본동행정복지센터 2층,14757,37.47632789,126.7921576,032-625-9871,032-625-9879,https://sosa.nid.or.kr,2018-08-28,,,,,,,,,,,,,,,,,,
C0123,강원특별자치도강릉시치매안심센터,치매안심센터,강원특별자치도,강릉시,"강원특별자치도 강릉시 남부로17번길 38 (내곡동, 강릉시보건소) 강릉시치매안심센터",25604,37.74284431,128.8827693,033-660-3048,033-640-4764,https://gn.nid.or.kr,2019-11-22,0,20,3,,1,,,,,1,,,,,,,,
C0124,강원특별자치도고성군치매안심센터,치매안심센터,강원특별자치도,고성군,"강원특별자치도 고성군 간성읍 수성로 30 (신안리, 보건소) 고성군치매안심센터",24736,38.37767486,128.4720941,033-680-3798,033-680-3605,https://gwgs.nid.or.kr,2018-12-26,0,6,0,4,,,,,,,,,,,,,,
C0125,강원특별자치도동해시치매안심센터,치매안심센터,강원특별자치도,동해시,"강원특별자치도 동해시 발한로 227 (발한동, 묵호건강증진센터) 1층",25720,37.54951394,129.1081436,033-530-2426,033-530-2742,https://dh.nid.or.kr,2018-09-07,0,8,2,1,1,,,,,,,,1,,1,,,
C0126,강원특별자치도삼척시치매안심센터,치매안심센터,강원특별자치도,삼척시,"강원특별자치도 삼척시 척주로 76 (남양동, 삼척시보건소) 삼척시보건소 치매안심센터",25929,37.44393348,129.1720893,033-570-4327,033-570-4167,https://samcheok.nid.or.kr,2018-12-31,1,8,0,,,,,,,,,,1,,,,,
C0127,강원특별자치도속초시치매안심센터,치매안심센터,강원특별자치도,속초시,"강원특별자치도 속초시 수복로 36 (교동, 속초시보건소) 속초시치매안심센터",24855,38.19613278,128.5758059,033-639-3751,033-637-4007,https://sokcho.nid.or.kr,2018-12-27,1,6,1,,2,,,,,,,,,,,,,
C0128,강원특별자치도양구군치매안심센터,치매안심센터,강원특별자치도,양구군,"강원특별자치도 양구군 양구읍 관공서로 42 (하리, 양구군보건소) 치매안심센터 1층",24522,38.10997712,127.9892042,033-480-2820,033-482-9115,https://yanggu.nid.or.kr,2019-11-22,0,7,1,1,2,,,,,1,,,,,,,,
C0129,강원특별자치도양양군치매안심센터,치매안심센터,강원특별자치도,양양군,"강원특별자치도 양양군 양양읍 양양로 9-5 (연창리, 양양군보건소) 장애인회관및치매안심센터2층",25031,38.0778608,128.6274793,033-670-2496,033-670-2830,https://yangyang.nid.or.kr,2019-06-29,0,5,1,2,1,,,,,,,,,,,,,
C0130,강원특별자치도영월군치매안심센터,치매안심센터,강원특별자치도,영월군,강원특별자치도 영월군 영월읍 하송로 46-43 (하송리) 영월군 치매안심센터,26234,37.18530428,128.4615282,033-370-5441,033-375-1700,https://ywbogun.nid.or.kr,2018-09-12,0,5,1,2,1,,,,,,,,,,,,,
C0131,강원특별자치도원주시치매안심센터,치매안심센터,강원특별자치도,원주시,"강원특별자치도 원주시 지니기길 11-20 (무실동, 치매안심센터) 1층",26395,37.32470166,127.9248416,033-737-4542,033-737-3855,https://wonju.nid.or.kr,2019-12-20,0,14,1,2,3,,1,,,,,1,,1,,1,,
C0132,강원특별자치도인제군치매안심센터,치매안심센터,강원특별자치도,인제군,"강원특별자치도 인제군 인제읍 인제로140번길 34 (남북리, 인제보건소) 2층 치매안심센터",24633,38.06325619,128.1685465,033-460-2523,033-460-2519,https://inje.nid.or.kr,2019-12-05,2,4,1,2,2,,,,,,,,,,,,,
C0133,강원특별자치도정선군치매안심센터,치매안심센터,강원특별자치도,정선군,"강원특별자치도 정선군 정선읍 녹송로 33 (봉양리, 정선군보건소) 지하1층 치매안심센터",26127,37.38009274,128.6714859,033-560-2914,,https://jeongseon.nid.or.kr,2019-11-30,0,6,1,2,,,,,,,,,,,,,,
C0134,강원특별자치도철원군치매안심센터,치매안심센터,강원특별자치도,철원군,"강원특별자치도 철원군 갈말읍 군탄로 16 (군탄리, 철원군보건소) 철원군보건소 2층 치매안심센터",24037,38.1481382,127.3025602,033-450-5105,033-450-5194,https://cwg.nid.or.kr,2018-12-12,0,3,3,1,2,,,,,,,,,,,,,
C0135,강원특별자치도춘천시치매안심센터,치매안심센터,강원특별자치도,춘천시,"강원특별자치도 춘천시 스무숲길 4-46 치매안심센터 3,4층",24264,37.84600255,127.7469974,033-250-4004,033-250-4035,https://chuncheon.nid.or.kr,2019-06-28,0,12,3,1,6,,,,,3,,,,,1,,,
C0136,강원특별자치도태백시치매안심센터,치매안심센터,강원특별자치도,태백시,"강원특별자치도 태백시 태백로 905 (황지동, 보건소) 태백시 보건소 내 치매안심센터 1층",26027,37.17660158,128.992496,033-550-3042,033-550-2941,https://taebaek.nid.or.kr,2018-11-14,0,5,3,,5,,,,,,,,,,,,,
C0137,강원특별자치도평창군치매안심센터,치매안심센터,강원특별자치도,평창군,강원특별자치도 평창군 평창읍 종부로 61 (종부리) 평창군치매안심센터,25377,37.36049167,128.3888512,033-330-4900,033-330-4809,https://pyeongchang.nid.or.kr,2019-06-21,0,4,3,,,,,,,,,,,,,,,
C0138,강원특별자치도홍천군치매안심센터,치매안심센터,강원특별자치도,홍천군,강원특별자치도 홍천군 홍천읍 홍천로1길 9 (희망리) 홍천군치매안심센터,25135,37.68991786,127.87554,033-430-4055,033-430-4019,https://hongcheon.nid.or.kr,2019-11-07,0,7,4,2,10,,,,,,,1,,,,,,
C0139,강원특별자치도화천군치매안심센터,치매안심센터,강원특별자치도,화천군,"강원특별자치도 화천군 화천읍 강변로 111 (중리, 화천군보건의료원) 화천군치매안심센터",24119,38.10738275,127.709078,033-440-2809,033-440-4841,https://ihc.nid.or.kr,2018-12-18,0,13,0,1,,,,,,,,,,,,,,
C0140,강원특별자치도횡성군치매안심센터,치매안심센터,강원특별자치도,횡성군,"강원특별자치도 횡성군 횡성읍 횡성로 379 (읍하리, 횡성보건소) 횡성군치매안심센터",25234,37.48709552,127.9844168,033-340-5653,033-340-5608,https://hsg.nid.or.kr,2019-11-08,1,7,1,2,3,,,,,,,,,,,,,
C0141,충청북도괴산군치매안심센터,치매안심센터,충청북도,괴산군,"충북 괴산군 괴산읍 동진천길 43 (동부리, 괴산군보건소) 괴산군치매안심센터",28033,36.80799723,127.7966873,043-830-2392,043-830-2939,https://goesan.nid.or.kr,2019-10-10,0,6,1,,,,,,,,,,,,,,,
C0142,충청북도단양군치매안심센터,치매안심센터,충청북도,단양군,"충북 단양군 단양읍 삼봉로 53 (상진리, 단양군 보건소) 1층",27013,36.98163017,128.3502974,043-420-3312,043-421-3397,https://danyang.nid.or.kr,2018-11-12,0,2,2,,,,,,,6,,,,,,,,
C0143,충청북도보은군치매안심센터,치매안심센터,충청북도,보은군,"충북 보은군 보은읍 임업길 22 (삼산리, 치매안심센터) 보은군치매안심센터",28943,36.48704913,127.7155559,043-540-5642,043-544-2573,https://boeun.nid.or.kr,2019-06-24,0,8,4,,,,1,,,,,1,1,,,,1,
C0144,충청북도영동군치매안심센터,치매안심센터,충청북도,영동군,"충북 영동군 영동읍 반곡동길 7 (매천리, 영동군보건소)",29150,36.16849628,127.7759673,043-740-5946,043-743-4000,https://yd21.nid.or.kr,2018-12-28,1,4,1,2,3,,1,,,,,,,,,,,
C0145,충청북도옥천군치매안심센터,치매안심센터,충청북도,옥천군,"충북 옥천군 옥천읍 가화4길 18 (금구리, 옥천군 치매안심센터) 옥천군치매안심센터",29034,36.30508449,127.5612309,043-730-2158,043-733-7161,https://oc.nid.or.kr,2019-06-07,0,5,0,,,,,,,5,,,,,,,,
C0146,충청북도음성군치매안심센터,치매안심센터,충청북도,음성군,"충북 음성군 음성읍 중앙로 49 (읍내리, 음성보건소) 음성군 치매안심센터",27705,36.92883979,127.6888781,043-871-2971,043-871-1950,https://eumseong.nid.or.kr,2019-08-30,1,3,2,1,,,1,,,1,,,,,,,,
C0147,충청북도제천시치매안심센터,치매안심센터,충청북도,제천시,충북 제천시 의림대로 242 (청전동) 4층,27152,37.1493417,128.2160865,043-641-3058,043-641-3039,https://jecheon.nid.or.kr,2018-12-19,0,9,1,1,,,1,,,,,,,1,,,,
C0148,충청북도증평군치매안심센터,치매안심센터,충청북도,증평군,"충북 증평군 증평읍 보건복지로 64-1 (내성리, 증평군보건소) 2층 치매안심센터",27948,36.77424621,127.586726,043-835-4782,,https://jp.nid.or.kr,2018-08-09,0,3,1,1,,,1,,,4,,,,,,,,
C0149,충청북도진천군치매안심센터,치매안심센터,충청북도,진천군,충북 진천군 덕산읍 연미로 29 (두촌리) 진천군치매안심센터,27876,36.89921785,127.5288313,043-539-7782,,https://jincheon.nid.or.kr,2018-11-22,0,5,2,,,,1,,,,1,1,,,,,1,
C0150,충청북도청주시상당구치매안심센터,치매안심센터,충청북도,청주시 상당구,충북 청주시 상당구 남일면 단재로 480 (효촌리) 상당보건소 치매안심센터,28806,36.58826888,127.5059436,043-201-4300,043-201-4319,https://sangdang.nid.or.kr,2018-12-31,,,,,,,,,,,,,,,,,,
C0151,충청북도청주시서원구치매안심센터,치매안심센터,충청북도,청주시 서원구,"충북 청주시 서원구 구룡산로 235 (수곡동, 위너스빌딩) 3층 치매안심센터",28688,36.6160235,127.4713305,043-201-3720,,https://seowon.nid.or.kr,2018-10-10,,,,,,,,,,,,,,,,,,
C0152,충청북도청주시청원구치매안심센터,치매안심센터,충청북도,청주시 청원구,"충북 청주시 청원구 오창읍 과학산업3로 238 (각리, 청원보건소) 치매안심센터",28125,36.71040635,127.4304713,043-201-4361,043-201-4379,https://cheongwon.nid.or.kr,2018-08-20,,,,,,,,,,,,,,,,,,
C0153,충청북도청주시흥덕구치매안심센터,치매안심센터,충청북도,청주시 흥덕구,"충북 청주시 흥덕구 대농로 88 (복대동, 흥덕보건소 본관) 2층",28426,36.64147861,127.4315238,043-201-4320,,https://heungdeok.nid.or.kr,2018-08-20,,,,,,,,,,,,,,,,,,
C0154,충청북도충주시치매안심센터,치매안심센터,충청북도,충주시,"충북 충주시 사직산21길 34 (문화동, 충주시 건강복지타운) 2층 치매안심센터",27408,36.97086234,127.9280544,043-850-1781,043-850-3509,https://chungju.nid.or.kr,2019-07-02,0,10,2,3,2,,,,,,,,2,,,,,
C0155,충청남도계룡시치매안심센터,치매안심센터,충청남도,계룡시,"충남 계룡시 장안로 54 (금암동, 계룡시보건소) 치매안심센터 1층",32823,36.2730574,127.2500264,042-840-3681,,https://gyeryong.nid.or.kr,2018-11-12,0,3,0,1,3,,,,,,,,,,,,,
C0156,충청남도공주시치매안심센터,치매안심센터,충청남도,공주시,충남 공주시 옛군청뒷길 8 (교동) 치매안심센터,32542,36.45701715,127.1201721,041-840-3315,041-852-8159,https://gongju.nid.or.kr,2018-03-21,0,12,2,4,7,,,,,,,,,,,,,
C0157,충청남도금산군치매안심센터,치매안심센터,충청남도,금산군,"충남 금산군 금산읍 비범1길 5 (중도리, 치매안심센터)",32725,36.10952067,127.4934491,041-750-4460,041-751-4178,https://geumsan.nid.or.kr,2018-12-11,0,8,5,,,,,,,3,,,,,,,,
C0158,충청남도논산시치매안심센터,치매안심센터,충청남도,논산시,충남 논산시 논산대로 408 (관촉동) 논산시 치매안심센터,32993,36.19653553,127.1047397,041-746-6921,041-746-8129,https://nonsan.nid.or.kr,2018-11-26,0,11,3,,,,2,,,,,,,,,,,
C0159,충청남도당진시치매안심센터,치매안심센터,충청남도,당진시,"충남 당진시 서부로 56 (채운동, 당진시보건소) 치매안심센터 1층",31777,36.88735969,126.6304725,041-360-6269,041-360-6029,https://dangjin.nid.or.kr,2018-12-17,1,6,2,,,,,,,,,,,,,,,
C0160,충청남도보령시치매안심센터,치매안심센터,충청남도,보령시,충남 보령시 대천로 119 (죽정동),33439,36.35633335,126.6045349,041-930-6871,041-931-7292,https://brcn.nid.or.kr,2018-08-27,0,13,1,2,,,1,,,,,,,,,,,
C0161,충청남도부여군치매안심센터,치매안심센터,충청남도,부여군,"충남 부여군 부여읍 성왕로 205 (구아리, 부여군 보건소) 3층",33140,36.28293864,126.9094144,041-830-8740,041-830-8700,https://buyeo.nid.or.kr,2018-07-25,0,10,3,2,,,,,,,,,,,,,,
C0162,충청남도서산시치매안심센터,치매안심센터,충청남도,서산시,"충남 서산시 호수공원6로 6 (예천동, 서산시보건소) 서산시치매안심센터",31997,36.77457758,126.4445147,041-661-6598,041-661-8119,https://seosan.nid.or.kr,2018-08-24,0,6,4,3,,,,,,,,1,,,,,,
C0163,충청남도서천군치매안심센터,치매안심센터,충청남도,서천군,충남 서천군 서천읍 사곡길 20-2 (군사리) 서천군 치매안심센터,33638,36.0817289,126.6887353,041-950-6741,,https://seocheon.nid.or.kr,2018-11-01,0,12,1,,,,,,,,,,,,,,,
C0164,충청남도아산시치매안심센터,치매안심센터,충청남도,아산시,"충남 아산시 번영로216번길 18 (모종동, 아산시보건소) 별관 2, 3층",31521,36.78291637,127.0140532,041-537-3474,041-537-3349,https://asan.nid.or.kr,2018-11-30,0,13,1,1,,,,,,,,,,,,,,
C0165,충청남도예산군치매안심센터,치매안심센터,충청남도,예산군,"충남 예산군 예산읍 군청로 22 (예산리, 예산군청) 보건소 5층",32435,36.68088045,126.8448499,041-339-6122,041-339-6009,https://yesan.nid.or.kr,2018-11-08,1,11,1,,,,,,,,,,,,,,,
C0166,충청남도천안시동남구치매안심센터,치매안심센터,충청남도,천안시 동남구,"충남 천안시 동남구 버들로 40 (문화동, 동남구보건소,교통정보센터) 7층 치매안심센터",31131,36.80717777,127.1514571,041-521-3343,041-521-5006,https://dongnam.nid.or.kr,2018-11-02,,,,,,,,,,,,,,,,,,
C0167,충청남도천안시서북구치매안심센터,치매안심센터,충청남도,천안시 서북구,"충남 천안시 서북구 서부8길 29 (성정동, 성정2동 행정복지센터) 1층",31137,36.8197755,127.1398835,041-521-5740,041-573-0994,https://seobuk.nid.or.kr,2018-04-01,,,,,,,,,,,,,,,,,,
C0168,충청남도청양군치매안심센터,치매안심센터,충청남도,청양군,"충남 청양군 청양읍 칠갑산로7길 54 (읍내리, 청양군보건의료원) 청양군보건의료원 치매안심센터 2층",33324,36.45502041,126.8049398,041-940-4536,041-940-4508,https://cheongyang.nid.or.kr,2018-10-19,1,5,3,2,1,,,,,,,,,,,,,
C0169,충청남도태안군치매안심센터,치매안심센터,충청남도,태안군,"충남 태안군 태안읍 서해로 1952-16 (평천리, 태안군보건의료원) 어르신센터 1층",32148,36.75181076,126.3232321,041-671-1632,041-671-5336,https://taean.nid.or.kr,2018-06-26,1,10,2,2,1,,,,1,,,,,,,,,
C0170,충청남도홍성군치매안심센터,치매안심센터,충청남도,홍성군,"충남 홍성군 홍성읍 문화로 106 (오관리, 홍성군보건소) 홍성군보건소 별관 치매안심센터 2층",32236,36.59664119,126.6630605,041-630-9076,041-630-9860,https://hongseong.nid.or.kr,2018-11-21,0,16,3,,,,,,,,,,,,,,,
C0171,전북특별자치도고창군치매안심센터,치매안심센터,전북특별자치도,고창군,"전북특별자치도 고창군 고창읍 전봉준로 90 (율계리, 고창군보건소) 고창군치매안심센터",56442,35.44376255,126.6832504,063-560-8725,063-560-8779,https://gochang.nid.or.kr,2018-10-02,1,8,2,2,,,,,,,,,,,,,,
C0172,전북특별자치도군산시치매안심센터,치매안심센터,전북특별자치도,군산시,"전북특별자치도 군산시 공단대로 482 (나운동, 군산시치매안심센터) 군산시치매안심센터",54129,35.96456011,126.6898084,063-454-5870,063-471-1315,https://gunsan.nid.or.kr,2018-07-01,1,10,5,4,,,1,,,,,,,,,,,
C0173,전북특별자치도김제시치매안심센터,치매안심센터,전북특별자치도,김제시,전북특별자치도 김제시 동서8길 52 (요촌동) 김제시치매안심센터,54408,35.79740416,126.8887514,063-540-1327,,https://gimje.nid.or.kr,2017-12-20,0,10,3,5,,,2,,,6,,,2,,,,,
C0174,전북특별자치도남원시치매안심센터,치매안심센터,전북특별자치도,남원시,"전북특별자치도 남원시 요천로 1285 (조산동, 남원시보건소) 치매안심센터",55766,35.39783988,127.3639897,063-620-7725,063-620-7928,https://namwon.nid.or.kr,2018-11-09,0,9,5,2,,,2,,,7,,,,,,,,
C0175,전북특별자치도무주군치매안심센터,치매안심센터,전북특별자치도,무주군,"전북특별자치도 무주군 무주읍 한풍루로 413 (당산리, 무주군보건의료원) 4층",55515,36.00590333,127.6716763,063-320-8601,063-320-8615,https://muju.nid.or.kr,2018-07-24,1,6,1,,3,,,,,,,,,,,,,
C0176,전북특별자치도부안군치매안심센터,치매안심센터,전북특별자치도,부안군,"전북특별자치도 부안군 부안읍 오리정로 124 (봉덕리, 보건소) 치매안심센터",56314,35.72286232,126.7356007,063-580-3066,063-584-1264,https://buan.nid.or.kr,2018-06-18,1,9,4,1,3,,,,,,,2,,,,,,
C0177,전북특별자치도순창군치매안심센터,치매안심센터,전북특별자치도,순창군,"전북특별자치도 순창군 순창읍 교성로 135 (교성리, 순창군보건의료원) 치매안심센터 2층",56049,35.3670048,127.1440817,063-650-5271,063-652-5248,https://sunchang.nid.or.kr,2019-07-16,1,2,0,,,,,,,,,,,,,,,
C0178,전북특별자치도완주군치매안심센터,치매안심센터,전북특별자치도,완주군,전북특별자치도 완주군 삼례읍 삼봉8로 10-12 (수계리) 완주군 치매안심센터,55334,35.92146408,127.1219187,063-290-4373,063-290-3030,https://wanju.nid.or.kr,2018-07-23,0,13,0,,,,,,,,,,,,,,,
C0179,전북특별자치도익산시치매안심센터,치매안심센터,전북특별자치도,익산시,전북특별자치도 익산시 동서로 91 (모현동2가) 서부권다목적체육관 3층 치매안심센터,54652,35.95641377,126.9450599,063-859-7550,063-859-4090,https://iksan.nid.or.kr,2018-04-09,0,12,2,4,4,,2,,,,,,,,,,,
C0180,전북특별자치도임실군치매안심센터,치매안심센터,전북특별자치도,임실군,"전북특별자치도 임실군 임실읍 호국로 1680 (이도리, 임실군 보건의료원) 치매안심센터",55927,35.61261112,127.2870767,063-640-3373,,https://imsil.nid.or.kr,2019-06-21,1,4,3,1,3,,,,,,,,,,,,,
C0181,전북특별자치도장수군치매안심센터,치매안심센터,전북특별자치도,장수군,전북특별자치도 장수군 장수읍 장천로 255-10 치매안심센터,55631,35.65508764,127.519166,063-350-2670,063-350-5722,https://jangsu.nid.or.kr,2018-12-24,1,6,1,2,1,,,,,,,,,,,,,
C0182,전북특별자치도전주시치매안심센터,치매안심센터,전북특별자치도,전주시,"전북특별자치도 전주시 완산구 전라감영로 33 (중앙동4가, 전주시보건소) 전주시치매안심센터",55038,35.81584568,127.1433513,063-281-6238,063-281-6289,https://jeonju.nid.or.kr,2018-10-10,0,13,3,1,1,,1,,,,,,,,,,,
C0183,전북특별자치도정읍시치매안심센터,치매안심센터,전북특별자치도,정읍시,전북특별자치도 정읍시 금붕1길 215 (금붕동) 정읍시 치매안심센터,56196,35.55437564,126.8937382,063-539-6951,063-539-6548,https://jeongeup.nid.or.kr,2019-08-12,0,10,5,2,3,,,,,,,,,,,,,
C0184,전북특별자치도진안군치매안심센터,치매안심센터,전북특별자치도,진안군,"전북특별자치도 진안군 진안읍 진무로 1189 (군상리, 진안보건소) 진안군 보건소 2층",55422,35.7973051,127.4347776,063-430-8588,063-432-3103,https://jinan.nid.or.kr,2018-10-22,1,10,3,1,1,,,,,,,,,,,,,
C0185,전라남도강진군치매안심센터,치매안심센터,전라남도,강진군,"전남 강진군 강진읍 목리길 11 (동성리, 강진군보건소) 치매안심센터",59240,34.63833623,126.77571,061-430-5294,061-430-5959,https://gangjin.nid.or.kr,2019-09-20,0,6,2,2,,,,,,1,,,,,,,,
C0186,전라남도고흥군치매안심센터,치매안심센터,전라남도,고흥군,전남 고흥군 고흥읍 등암3길 5 (등암리) 고흥군보건소,59542,34.5919855,127.2692469,061-830-6969,061-830-6939,https://goheung.nid.or.kr,2019-06-14,0,4,2,3,4,,,,,,,,,,,,,
C0187,전라남도곡성군치매안심센터,치매안심센터,전라남도,곡성군,전남 곡성군 곡성읍 곡성로 854 (읍내리) 치매안심센터,57542,35.27886584,127.2968557,061-360-8980,061-360-8908,https://gokseong.nid.or.kr,2019-09-10,0,6,0,,1,,,,,,,,,,,,,
C0188,전라남도광양시치매안심센터,치매안심센터,전라남도,광양시,"전남 광양시 광양읍 호북길 13-3 (칠성리, 치매안심센터) 광양시치매안심센터",57741,34.98010194,127.58361,061-797-4059,061-797-4056,https://gwangyang.nid.or.kr,2018-11-20,1,6,2,1,,,1,,,,,,,,,,,
C0189,전라남도구례군치매안심센터,치매안심센터,전라남도,구례군,전남 구례군 구례읍 동편제길 30 (백련리) 구례군 보건의료원 치매안심센터,57647,35.21596948,127.4617976,061-780-2026,061-780-2769,https://gurye.nid.or.kr,2018-12-07,0,5,3,1,,,,,,,,,,,,,,
C0190,전라남도나주시치매안심센터,치매안심센터,전라남도,나주시,"전남 나주시 풍물시장2길 57-32 (이창동, 나주시보건소) 나주시보건소 치매안심센터",58274,34.99522645,126.708224,061-339-4771,061-339-2920,https://naju.nid.or.kr,2018-11-22,1,10,2,4,,,,,,,,,,,,,,
C0191,전라남도담양군치매안심센터,치매안심센터,전라남도,담양군,전남 담양군 담양읍 완동길 10-5 (만성리) 1층,57335,35.32470177,126.9807438,061-380-2971,061-380-3990,https://damyang.nid.or.kr,2019-02-27,0,7,0,3,3,,,,,,,,,,,,,
C0192,전라남도목포시치매안심센터,치매안심센터,전라남도,목포시,전남 목포시 수문로 32 (남교동) 트윈스타 3층 목포시치매안심센터,58724,34.7931322,126.3829337,"061-270-4271, 4272",061-270-3596,https://mokpo.nid.or.kr,2018-04-13,0,11,3,2,,,,,,3,,,,,,,,
C0193,전라남도무안군치매안심센터,치매안심센터,전라남도,무안군,"전남 무안군 무안읍 면성1길 128 (성남리, 무안군 보건소) 3층 무안군치매안심센터",58528,34.98727444,126.4728731,061-450-5075,061-450-5142,https://muan.nid.or.kr,2019-01-25,1,8,3,2,3,,,,,,,,,,,,,
C0194,전라남도보성군치매안심센터,치매안심센터,전라남도,보성군,전남 보성군 보성읍 갱맹골길 206(주봉리 529번지) 보성치매안심센터,59454,34.76645647,127.0712437,061-850-8695,061-853-9996,https://boseong.nid.or.kr,2018-11-27,0,8,0,2,,,,,,1,,,,,,,,
C0195,전라남도순천시치매안심센터,치매안심센터,전라남도,순천시,"전남 순천시 중앙로 232 (석현동, 순천시문화건강센터) 순천시치매안심센터",57938,34.96674779,127.4860333,061-749-8888,061-749-4204,https://suncheon.nid.or.kr,2019-09-17,0,10,2,2,2,,1,,,1,,,,,,,,
C0196,전라남도신안군치매안심센터,치매안심센터,전라남도,신안군,"전남 신안군 압해읍 천사로 1004 (신장리, 신안군청) 신안군보건소 1층 치매안심센터",58827,34.83360218,126.3514253,061-240-8081,061-271-7772,https://shinan.nid.or.kr,2019-07-26,0,4,1,,,,,,,,,,,,,,,
C0197,전라남도여수시치매안심센터,치매안심센터,전라남도,여수시,전남 여수시 신월로 794 (봉강동) 여수시치매안심센터,59754,34.73915914,127.7260493,061-659-5440,,https://yeosu.nid.or.kr,2019-06-21,0,18,5,4,,,,,,2,,,,,,,,
C0198,전라남도영광군치매안심센터,치매안심센터,전라남도,영광군,전남 영광군 영광읍 신남로4길 17 (남천리) 치매안심센터 3층,57043,35.27468261,126.5041643,061-350-4806,061-350-5191,https://yeonggwang.nid.or.kr,2019-03-13,1,5,3,2,,,,,,,,1,,,,,,
C0199,전라남도영암군치매안심센터,치매안심센터,전라남도,영암군,"전남 영암군 영암읍 오리정길 39 (춘양리, 영암군보건소) 영암군치매안심센터",58421,34.79533941,126.7033414,061-470-6580,061-470-6576,https://yeongam.nid.or.kr,2019-03-26,0,6,2,1,,,,,,2,,,,,,,,
C0200,전라남도완도군치매안심센터,치매안심센터,전라남도,완도군,"전남 완도군 완도읍 농공단지길 34 (죽청리, 완도보건의료원) 완도군 치매안심센터 2층",59108,34.33582329,126.7313246,061-550-5810,,https://wando.nid.or.kr,2019-10-10,0,5,3,2,1,,,,,1,,,,,,,,
C0201,전라남도장성군치매안심센터,치매안심센터,전라남도,장성군,"전남 장성군 장성읍 성산5길 17 (성산리, 장성군 치매안심센터) 장성군 치매안심센터",57214,35.3233003,126.808367,061-390-7161~70,061-390-7597,https://jangseong.nid.or.kr,2020-02-01,0,10,1,1,,,,,,,,,1,,,,,
C0202,전라남도장흥군치매안심센터,치매안심센터,전라남도,장흥군,"전남 장흥군 장흥읍 동교1길 13 (건산리, 장흥군선거관리위원회) 치매안심센터 1층",59327,34.67705335,126.9069323,061-860-6498,061-860-6880,https://jangheung.nid.or.kr,2018-12-12,0,4,2,1,,,,,,1,,,,,,,,
C0203,전라남도진도군치매안심센터,치매안심센터,전라남도,진도군,"전남 진도군 진도읍 남동1길 40-9 (남동리, 진도군보건소) 3층",58922,34.48037351,126.2629165,061-540-6964,061-540-0502,https://jindo.nid.or.kr,2018-12-18,0,7,0,1,3,,,,,,,,,,,,,
C0204,전라남도함평군치매안심센터,치매안심센터,전라남도,함평군,"전남 함평군 함평읍 중앙길 54-8 (기각리, 함평보건소) 치매안심센터",57153,35.06190341,126.5242551,061-320-2390,061-320-3739,https://hampyeong.nid.or.kr,2018-11-09,0,8,1,,1,,,,,,,,,,,,,
C0205,전라남도해남군치매안심센터,치매안심센터,전라남도,해남군,"전남 해남군 해남읍 해남로 46 (해리, 해남보건소) 해남군 치매안심센터",59038,34.5704311,126.6120935,061-531-3703~10,,https://haenam.nid.or.kr,2019-12-03,1,9,2,1,,,,,,,,,,,,,,
C0206,전라남도화순군치매안심센터,치매안심센터,전라남도,화순군,"전남 화순군 화순읍 충의로 40 (삼천리, 치매안심센터) 화순군치매안심센터",58136,35.05539364,126.9820968,061-379-5317,061-371-3329,https://hwasun.nid.or.kr,2019-03-21,3,6,2,,,,,,,,,,,,,,,
C0207,경상북도경산시치매안심센터,치매안심센터,경상북도,경산시,"경북 경산시 남매로 158 (중방동, 경산시보건소) 치매안심센터",38616,35.82511247,128.7432823,053-810-6435,053-819-5839,https://gbgs.nid.or.kr,2019-09-23,2,14,2,2,3,,,,,,,,,,,,,
C0208,경상북도경주시치매안심센터,치매안심센터,경상북도,경주시,경상북도 경주시 봉황로 178 (성건동) 치매안심센터,38099,35.85535856,129.210511,054-760-2950~2,054-760-7579,https://gyeongju.nid.or.kr,2019-10-17,0,15,2,1,4,,1,,,,,,,,,,,
C0209,경상북도고령군치매안심센터,치매안심센터,경상북도,고령군,"경북 고령군 대가야읍 왕릉로 56-5 (지산리, 고령군보건소) 1층",40138,35.72523517,128.2648137,054-950-7961,,https://goryeong.nid.or.kr,2018-08-14,1,4,3,2,,,,,,,,,,,,,,
C0210,경상북도구미시치매안심센터,치매안심센터,경상북도,구미시 구미,"경북 구미시 지산11길 8-1 (지산동, 구미치매안심센터) 구미치매안심센터",39192,36.13950239,128.3455231,054-480-4880,054-480-4069,https://gumi.nid.or.kr,2019-12-31,,,,,,,,,,,,,,,,,,
C0211,경상북도구미시선산치매안심센터,치매안심센터,경상북도,구미시 선산,"경북 구미시 선산읍 선주로 121 (동부리, 선산보건소) 치매안심센터",39112,36.24417904,128.2999491,054-480-4352,054-480-4129,https://gumiss.nid.or.kr,2019-03-28,,,,,,,,,,,,,,,,,,
C0212,경상북도김천시치매안심센터,치매안심센터,경상북도,김천시,"경북 김천시 체육공원길 21 (지좌동, 치매안심센터) 치매안심센터",39647,36.11973266,128.1445272,054-421-2894,054-435-0060,https://gch.nid.or.kr,2019-02-26,0,8,7,3,,,,,,5,,,,,,,,
C0213,경상북도문경시치매안심센터,치매안심센터,경상북도,문경시,경북 문경시 점촌1길 13 (점촌동) 통합건강증진센터 1층,36971,36.59635348,128.1980094,054-550-8134,054-550-4340,https://gbmg.nid.or.kr,2019-10-16,1,12,2,1,,,1,,,4,,,,,,,,
C0214,경상북도봉화군치매안심센터,치매안심센터,경상북도,봉화군,"경북 봉화군 봉화읍 봉화로 1203 (내성리, 봉화군보건소) 봉화군보건소 3층 치매안심센터",36238,36.89071878,128.7418543,054-679-6749,,https://bonghwa.nid.or.kr,2018-12-20,2,4,2,3,,,,,,1,,,,,,,,
C0215,경상북도상주시치매안심센터,치매안심센터,경상북도,상주시,"경북 상주시 중앙로 111 (무양동, 상주시 의회청사) 상주시치매안심센터",37183,36.41690111,128.1499972,054-537-6514,054-532-0311,https://sangju.nid.or.kr,2019-06-07,0,7,3,2,2,,1,,,,,,,,,,,
C0216,경상북도성주군치매안심센터,치매안심센터,경상북도,성주군,"경북 성주군 성주읍 성밖숲길 12 (경산리, 성주군보건소) 성주군치매안심센터",40023,35.91738188,128.2786954,054-930-8191,054-930-8139,https://sj.nid.or.kr,2018-09-10,0,4,7,1,4,,,,,,,,,,,,,
C0217,경상북도안동시치매안심센터,치매안심센터,경상북도,안동시,경북 안동시 보현로 12 (용상동) 안동시치매안심센터,36725,36.55003666,128.758853,054-840-5779,054-821-0178,https://andong.nid.or.kr,2019-12-16,0,19,2,1,6,,2,,,,,,,,,,,
C0218,경상북도영덕군치매안심센터,치매안심센터,경상북도,영덕군,"경북 영덕군 영덕읍 군청길 53 (덕곡리, 보건소) 영덕군치매안심센터",36431,36.41360347,129.3734372,054-730-7177,054-730-6179,https://yd.nid.or.kr,2019-07-01,,,,,,,,,,,,,,,,,,
C0219,경상북도영양군치매안심센터,치매안심센터,경상북도,영양군,"경북 영양군 영양읍 동서대로 82 (동부리, 영양군 보건소) 3층 치매안심센터",36540,36.66194588,129.1180639,054-680-5126,054-680-5899,https://yyg.nid.or.kr,2019-10-14,0,6,3,1,,,,,,,1,1,,,,,,
C0220,경상북도영주시치매안심센터,치매안심센터,경상북도,영주시,"경북 영주시 영주로159번길 73 (영주동, 치매안심센터) 치매안심센터",36079,36.82876451,128.616018,054-639-5733,054-639-5749,https://yeongju.nid.or.kr,2018-07-16,1,10,3,,,,,,,,,,,,,,,
C0221,경상북도영천시치매안심센터,치매안심센터,경상북도,영천시,"경북 영천시 옛군청1길 31 (문내동, 영천시 보건소) 영천시 치매안심센터",38849,35.9687455,128.9324014,054-339-7845,,https://yc.nid.or.kr,2018-11-08,0,13,2,4,,,,,,2,,,,,,,,
C0222,경상북도예천군치매안심센터,치매안심센터,경상북도,예천군,"경북 예천군 예천읍 군청길 33 (노상리, 예천군보건소) 예천군치매안심센터",36822,36.65769827,128.4529779,054-650-8102,054-650-8049,https://ycg.nid.or.kr,2019-06-17,0,12,1,1,,,,,,,,,,,,,,
C0223,경상북도울릉군치매안심센터,치매안심센터,경상북도,울릉군,"경북 울릉군 울릉읍 울릉순환로 396-18 (도동리, 보건의료원) 3층 치매안심센터",40217,37.48594062,130.8994626,054-790-6827,,https://ulleung.nid.or.kr,2018-05-18,1,4,2,,,,,,,,,,,,,,,
C0224,경상북도울진군치매안심센터,치매안심센터,경상북도,울진군,"경북 울진군 울진읍 읍내8길 61-8 (읍내리, 울진군보건소)",36324,36.99621631,129.4045994,054-789-5025,,https://uljin.nid.or.kr,2019-06-14,0,6,7,1,,,,,,,,,,,,,,
C0225,경상북도의성군치매안심센터,치매안심센터,경상북도,의성군,"경북 의성군 의성읍 구봉길 228 (도서리, 의성군보건소) 의성군보건소 4층 치매안심센터",37343,36.34571691,128.6975779,054-830-6488,054-834-0669,https://usc.nid.or.kr,2019-12-16,2,4,5,2,,,,,,,,,1,,,,,
C0226,경상북도청도군치매안심센터,치매안심센터,경상북도,청도군,경상북도 청도군 화양읍 산성강변길 472 청도군치매안심센터,38321,35.654342,128.7381579,054-370-2672~3,054-373-9475,https://cheongdo.nid.or.kr,2019-09-24,0,4,2,1,1,1,1,,,,,,,,1,,,
C0227,경상북도청송군치매안심센터,치매안심센터,경상북도,청송군,"경북 청송군 청송읍 의료원길 19 (금곡리, 청송보건의료원) 청송군치매안심센터",37433,36.43114271,129.051771,054-870-7330,054-870-7349,https://cs.nid.or.kr,2018-12-14,0,10,2,1,,,,,,,,,,,,,,
C0228,경상북도칠곡군치매안심센터,치매안심센터,경상북도,칠곡군,"경북 칠곡군 왜관읍 관문로1길 30 (매원리, 칠곡군보건소) 칠곡군치매안심센터",39872,35.99070797,128.4186406,054-979-8391,054-979-8279,https://chilgok.nid.or.kr,2018-10-25,2,8,5,,,,,,,1,,,,,,,,
C0229,경상북도포항시남구치매안심센터,치매안심센터,경상북도,포항시 남구,"경북 포항시 남구 오천읍 남원로 43 (원리, 포항시남구치매안심센터) 포항시 남구 치매안심센터",37884,35.9704125,129.405147,054-270-8901,054-277-4260,https://phnamgu.nid.or.kr,2019-12-09,,,,,,,,,,,,,,,,,,
C0230,경상북도포항시북구치매안심센터,치매안심센터,경상북도,포항시 북구,"경북 포항시 북구 삼흥로 96 (장성동, 포항시북구보건소) 치매안심센터",37607,36.07062625,129.3796607,054-270-8951,054-241-3363,https://phbukgu.nid.or.kr,2019-12-20,,,,,,,,,,,,,,,,,,
C0231,경상남도거제시치매안심센터,치매안심센터,경상남도,거제시,경남 거제시 거제중앙로13길 25 (고현동) 거제시치매안심센터,53256,34.88218346,128.6236988,055-639-6226,055-639-6129,https://geoje.nid.or.kr,2018-12-05,0,14,2,1,,,,,,2,,,,,,,,
C0232,경상남도거창군치매안심센터,치매안심센터,경상남도,거창군,"경남 거창군 거창읍 거함대로 3079 (송정리, 보건소) 거창군치매안심센터",50142,35.68106359,127.8984935,055-940-7910,055-940-7908,https://geochang.nid.or.kr,2018-10-19,0,13,2,,,,,,,,,,,,,,,
C0233,경상남도고성군치매안심센터,치매안심센터,경상남도,고성군,경남 고성군 고성읍 중앙로 35 (성내리) 2층 고성군 치매안심센터,52942,34.97451553,128.324447,055-670-4851,055-670-4059,https://goseong.nid.or.kr,2018-11-08,0,9,3,1,,,,,,,,,,,,,,
C0234,경상남도김해시치매안심센터,치매안심센터,경상남도,김해시,"경남 김해시 분성로727번길 8-35 (지내동, 김해시동부지역치매안심센터) 김해 치매안심센터",50827,35.22998273,128.9226668,055-320-5961,,https://gimhae.nid.or.kr,2020-09-21,0,10,1,2,1,,,,,,,,,,,,,
C0235,경상남도남해군치매안심센터,치매안심센터,경상남도,남해군,"경남 남해군 남해읍 선소로 6 (북변리, 남해군보건소) 남해군 치매안심센터",52413,34.84474988,127.8987857,055-860-8691,055-860-8798,https://namhae.nid.or.kr,2018-12-24,1,8,2,1,3,,,,,,,1,,,,,,
C0236,경상남도창원시마산치매안심센터,치매안심센터,경상남도,창원시,"경남 창원시 마산합포구 월영동북로 15 (해운동, 마산보건소) 치매안심센터",51742,35.18239851,128.5628997,055-225-5996,055-225-4770,https://masan.nid.or.kr,2019-07-03,1,10,2,2,,,1,,,,,,,,,,,
C0237,경상남도밀양시치매안심센터,치매안심센터,경상남도,밀양시,"경남 밀양시 삼문중앙로 41 (삼문동, 밀양시보건소) 밀양시보건소 별관 3층 치매안심센터",50437,35.48567011,128.7560608,055-359-7086,055-359-7099,https://miryang.nid.or.kr,2018-11-07,1,13,1,2,,,1,,,,,,,,,,,
C0238,경상남도사천시치매안심센터,치매안심센터,경상남도,사천시,경남 사천시 중앙로 212 (벌리동) 사천시치매안심센터,52551,34.94435219,128.0811474,055-831-5860,055-831-5889,https://sacheon.nid.or.kr,2019-07-11,2,8,1,2,,,,,,4,,,,,,,,
C0239,경상남도산청군치매안심센터,치매안심센터,경상남도,산청군,"경남 산청군 산청읍 중앙로 97 (지리, 산청군보건의료원) 별관 1층",52225,35.4160819,127.8842361,"055-970-7633~34,36,47~49",055-970-7619,https://sancheong.nid.or.kr,2019-10-17,1,10,2,2,,,,,,,,,,,,,,
C0240,경상남도양산시치매안심센터,치매안심센터,경상남도,양산시,"경상남도 양산시 중앙로 7-32 (다방동 보건복지센터) 3, 7층",50623,35.33215714,129.0379947,055-392-5175,055-392-5719,https://yangsan.nid.or.kr,2018-03-29,0,12,3,2,,,,,,2,,,,,,,,
C0241,경상남도의령군치매안심센터,치매안심센터,경상남도,의령군,"경남 의령군 의령읍 의병로8길 16-1 (서동리, 항노화센터 및 치매안심센터) 1층,4층",52151,35.31740278,128.2554404,055-570-4070,055-570-4089,https://uiryeong.nid.or.kr,2019-07-01,0,9,2,,,,,,,,,,,,,,,
C0242,경상남도진주시치매안심센터,치매안심센터,경상남도,진주시,"경남 진주시 월아산로 2026 (초전동, 경상남도청 서부청사) 1층, 진주시 치매안심센터",52732,35.21470009,128.1229151,055-749-5778,055-749-5799,https://jinju.nid.or.kr,2018-11-26,3,20,1,1,1,,,,,,,,,,,,,
C0243,경상남도창원시진해치매안심센터,치매안심센터,경상남도,진해구,"경남 창원시 진해구 중원동로 62 (중앙동, 서부보건지소) 4층 치매안심센터",51680,35.14989059,128.6619377,055-225-6692,055-225-4772,https://jinhae.nid.or.kr,2019-05-31,,,,,,,,,,,,,,,,,,
C0244,경상남도창녕군치매안심센터,치매안심센터,경상남도,창녕군,"경남 창녕군 창녕읍 군청1길 37 (교리, 창녕군 보건소) 창녕군 치매안심센터",50317,35.5436574,128.4901131,055-530-7503,055-530-6299,https://cng.nid.or.kr,2018-07-24,2,8,3,2,4,,,,,,,,,,,,,
C0245,경상남도창원시치매안심센터,치매안심센터,경상남도,창원시,"경남 창원시 성산구 마디미로73번길 10 (상남동, 창원보건소 치매안심센터) 상남동 37-3",51503,35.21832577,128.6823024,055-225-5748,055-225-4767,https://changwon.nid.or.kr,2019-12-04,1,9,2,2,,,,,,,,,,,,,,
C0246,경상남도통영시치매안심센터,치매안심센터,경상남도,통영시,"경남 통영시 안개4길 102 (무전동, 통영시치매안심센터) 통영시 치매안심센터 2층",53038,34.85981086,128.4323367,055-650-6100,055-650-6599,https://tongyeong.nid.or.kr,2019-09-23,0,8,2,,7,,,,,,,,,,,,,
C0247,경상남도하동군치매안심센터,치매안심센터,경상남도,하동군,"경남 하동군 횡천면 경서대로 1189 (횡천리, 횡천중학교) 하동군치매안심센터",52319,35.10953824,127.8164709,055-880-6850,055-880-6799,https://hadong.nid.or.kr,2018-12-27,0,9,3,2,2,,,,1,,,,,,,,,
C0248,경상남도함안군치매안심센터,치매안심센터,경상남도,함안군,"경남 함안군 군북면 함마대로 768-3 (중암리, 군북면보건지소)",52066,35.26395038,128.3428448,055-580-3245,055-580-3129,https://haman.nid.or.kr,2018-05-31,1,11,1,2,2,,1,,,,,1,1,,,,,
C0249,경상남도함양군치매안심센터,치매안심센터,경상남도,함양군,"경남 함양군 함양읍 한들로 141 (용평리, 함양군보건소) 함양군치매안심센터",50039,35.5196763,127.7317814,055-960-8080,055-964-1908,https://hygn.nid.or.kr,2018-09-28,1,5,5,2,2,,,,,,,,,,,,,
C0250,경상남도합천군치매안심센터,치매안심센터,경상남도,합천군,"경남 합천군 합천읍 동서로 39 (합천리, 종합사회복지관) 1층,2층 합천군치매안심센터",50232,35.56792811,128.1567534,055-930-4092,,https://hc.nid.or.kr,2017-12-28,1,11,1,2,,,1,,,3,,,,,,,,
C0251,제주도서귀포시동부치매안심센터,치매안심센터,제주특별자치도,제주도 서귀포시 동부,"제주특별자치도 서귀포시 남원읍 태위로 527 (남원리, 동부보건소) 2층 치매안심센터",63620,33.27562846,126.7034249,064-760-6125,064-764-1856,https://seogwipodb.nid.or.kr,2018-07-31,,,,,,,,,,,,,,,,,,
C0252,제주도서귀포시치매안심센터,치매안심센터,제주특별자치도,제주도 서귀포시 서귀포,"제주특별자치도 서귀포시 중앙로101번길 52 (서홍동, 서귀포보건소) 별관 치매안심센터",63584,33.25348127,126.5553573,064-760-6555,,https://seogwipo.nid.or.kr,2018-07-31,,,,,,,,,,,,,,,,,,
C0253,제주도서귀포시서부치매안심센터,치매안심센터,제주특별자치도,제주도 서귀포시 서부,"제주특별자치도 서귀포시 대정읍 최남단해안로15번길 12 (하모리, 서부보건소) 치매안심센터 2층",63513,33.21867194,126.2532449,064-760-6249,064-760-6219,https://seogwiposb.nid.or.kr,2018-05-01,,,,,,,,,,,,,,,,,,
C0254,제주도제주시동부치매안심센터,치매안심센터,제주특별자치도,제주도 제주시 동부,"제주특별자치도 제주시 구좌읍 김녕로14길 6 (김녕리, 동부보건소) 치매안심센터",63357,33.55435153,126.751328,064-728-7551,064-728-7569,https://jejudongbu.nid.or.kr,2018-08-03,,,,,,,,,,,,,,,,,,
C0255,제주도제주시치매안심센터,치매안심센터,제주특별자치도,제주도 제주시 제주,"제주특별자치도 제주시 연삼로 264 (도남동, 제주보건소) 제주보건소 별관 2층 치매안심센터",63219,33.49159994,126.5202379,064-728-8500,064-728-8509,https://jejuansim.nid.or.kr,2018-09-20,,,,,,,,,,,,,,,,,,
C0256,제주도제주시서부치매안심센터,치매안심센터,제주특별자치도,제주도 제주시 서부,"제주특별자치도 제주시 한림읍 강구로 5 (한림리, 서부보건소) 치매안심센터",63028,33.41208361,126.2695292,064-728-8661,064-728-4149,https://jejuseobu.nid.or.kr,2018-06-20,,,,,,,,,,,,,,,,,,
C0257,구미시선산치매안심센터,치매안심센터,경상북도,구미시,경상북도 구미시 선산읍 선주로 121,,36.24417904,128.2999491,054-480-4350,,,2019-01,0,10,2,3,,,,,,,,,,,,,,
C0259,부천시치매안심센터,치매안심센터,경기도,부천시,경기도 부천시 원미구 길주로 410,,37.50363121,126.7880203,032-625-4421,,,2019-12,0,13,3,1,6,,,,,,,,,,,,,
C0263,효성평생건강센터,치매안심센터,인천광역시,계양구,인천광역시 계양구 봉오대로543번길 21,,37.532527,126.7086103,032-450-1845,,,2019-12,0,1,0,,,,,,1,2,,,,,1,,,
C0264,인천광역시 동구 구립 치매전담형 주간보호센터 동구동락,치매안심센터,인천광역시,동구,인천광역시 동구 방축로 193,,37.47927144,126.6661296,032-575-0019,,,2022-12,0,2,1,,,,,,1,6,,,,,,,,
C0265,진상백학동기억샘터,치매안심센터,전라남도,광양시,전라남도 광양시 진상면 신황길 126,,35.05320532,127.6882086,061-797-4814,,,2020-12,0,1,0,1,,,,,1,,,,,,,,,
C0269,평택시치매안심센터 안중분소,치매안심센터,경기도,평택시,"경기도 평택시 안중읍 안현로서9길 24, 3층",,36.97815461,126.922304,031-8024-8677,,,2021-12,1,2,0,1,,,,,,,,1,,,,,,
C0270,부산광역시광역치매센터,광역치매센터,부산광역시,서구,부산광역시 서구 대신공원로26,,35.12031397,129.017942,051-240-2560,,,2013-12,1,0,6,1,,,,,,,,,,1,,,,
C0272,화성시치매안심센터 동부분소,치매안심센터,경기도,화성시,경기도 화성시 병점구 떡전골로 72-3,,37.20527854,127.0349013,031-5189-4431,,,2021-01,0,4,0,,,,,,,,,,,,1,,,
C0273,화성시치매안심센터 동탄분소,치매안심센터,경기도,화성시,경기도 화성시 동탄구 노작로 226-9,,37.20701031,127.078776121,031-5189-4377,,,2019-07,1,7,0,,,,,,,,,,,,,,,1
C0274,화성시치매안심센터 봉담분소,치매안심센터,경기도,화성시,경기도 화성시 효행구 봉담읍 동화새터길 109,,37.21705403,126.9611275,031-5189-6269,,,2021-01,0,8,0,1,,,,,,,,,,,,,,
C0277,김해시서부보건소분소,치매안심센터,경상남도,김해시,경상남도 김해시 능동로 149,,35.202341,128.8072142,055-330-8391,,,2023-01,0,2,1,,,,,,,,,,,,,,,
C0278,치매안심센터 주촌분소,치매안심센터,경상남도,김해시,경상남도 김해시 주촌면 주선로 29-1,,35.234777,128.845757,055-320-5971,,,2018-03,0,5,2,,1,,1,,,,,,,,,,,
C0279,남부치매안심센터,치매안심센터,경기도,이천시,경기도 이천시 장호원읍 서동대로8809번길 30-15,,37.11672581,127.6148957,031-6190-7227,,,2019-12,0,1,1,1,,,,,,,,,,,,,,
C0280,남부치매안심센터,치매안심센터,경기도,여주시,경기도 여주시 점동면 청안2길 20,,37.20378959,127.6599867,031-887-3493,,,2025-08,0,0,1,1,,,,,,,,,,,,,,
C0281,북부치매안심센터,치매안심센터,경기도,여주시,경기도 여주시 대신면 풍양1길 16,,37.37205549,127.5852432,031-887-3497,,,2025-07,0,1,0,1,,,,,,,,,,,,,,
C0282,시흥시 치매안심센터(남부),치매안심센터,경기도,시흥시,경기도 시흥시 정왕대로233번길 19,,37.3467224002,126.7401533604,031-310-5930,,,2018-12,0,3,1,2,,,,,1,,,1,,,,,,
C0283,시흥시 치매안심센터(중부),치매안심센터,경기도,시흥시,경기도 시흥시 목감우회로 23,,37.381696,126.858765,031-310-6825,,,2020-12,0,4,1,2,,,,,1,,,,,,,,,
C0284,장성군치매안심센터,치매안심센터,전라남도,장성군,전라남도 장성군 장성읍 성산5길 17,,35.3233003,126.808367,061-390-7161,,,2022-12,0,6,3,1,,,1,,,,,,,,,,,
C0287,해남군치매안심센터,치매안심센터,전라남도,해남군,전라남도 해남군 해남읍 해남로 46,,34.57046123,126.6120439,061-531-3703,,,2022-12,0,8,2,1,,,,,,1,,,,,,,,
C0292,충청북도 청주시 청원구 치매안심센터,치매안심센터,충청북도,청주시,충청북도 청주시 청원구 오창읍 과학산업3로 238,,36.71040635,127.4304713,043-201-4377,,,2018-12,0,3,2,4,3,,2,,,,,,,,,,,
C0293,충청북도 청주시 흥덕구 치매안심센터,치매안심센터,충청북도,청주시,충청북도 청주시 흥덕구 대농로 88,,36.64147861,127.4315238,043-201-4333,,,2018-08,0,3,4,4,2,,2,,,,,,,,,,,
C0294,충청북도 청주시 서원구 치매안심센터,치매안심센터,충청북도,청주시,"충청북도 청주시 서원구 구룡산로 235, 3층 (수곡동, 위너스빌)",,36.616052,127.4713305,043-201-3711,,,2018-10,0,3,2,2,6,,1,,,,,,,,,,,
C0295,충청북도 청주시 상당구 치매안심센터,치매안심센터,충청북도,청주시,충청북도 청주시 상당구 남일면 단재로 480,,36.58855535,127.5053143,043-201-3637,,,2019-06,0,2,3,3,5,,1,,,,,,,,,,,
C0296,충청북도광역치매센터,광역치매센터,충청북도,청주시,"충청북도 청주시 서원구 1순환로 767, 지오빌딩 3층",,36.625449,127.463825,043-269-6891,,,2013-12,1,0,4,3,,,1,,,,,,,,,,,
C0298,팔달구치매안심센터,치매안심센터,경기도,수원시,경기도 수원시 팔달구 팔달산로 6(교동),,37.271433,127.0125194,031-5159-0630,,,2019-06,6,10,2,2,,,,,,,,,,,,,,
C0300,용인시기흥구치매안심센터,치매안심센터,경기도,용인시,경기도 용인시 기흥구 신갈로58번길 11,,37.272634,127.106729,031-6193-0369,,,2024-09,2,14,4,4,,,,,,3,,,,,,,,
C0303,미추홀돌봄의집,치매안심센터,인천광역시,미추홀구,"인천광역시 미추홀구 경인로 34번길 20, 6층7층",,37.46303566,126.6472695,032-883-0310,,,2000-01,0,4,2,,,,,,,,,,,,,,,
C0304,구례군 치매안심센터,치매안심센터,전라남도,구례군,전라남도 구례군 구례읍 동편제길 30,,35.21607284,127.4617801,061-780-2933,,,2018-12,1,5,3,1,,,,,,,,,,,,,,
C0307,경상북도 광역치매센터,광역치매센터,경상북도,경주시,경상북도 경주시 동대로 87,,35.85850364,129.1928772,054-777-6400,,,2013-12,1,4,3,2,,,,,,,,,,,,,,
C0308,전라남도광역치매센터,광역치매센터,전라남도,순천시,전라남도 순천시 순광로 221,,34.96375005,127.542936,061-286-6042,,,2022-12,1,2,5,1,,,,,,,,,,,,,,
C0312,강북구치매안심센터,치매안심센터,서울특별시,강북구,"서울특별시 강북구 삼양로 335-1, 수유보건지소 2층",,37.63340541,127.0171111,02-991-9831,,,2009-08,1,2,5,5,,,1,,,,,,,,,,,
C0313,갈매치매안심실(분소),치매안심센터,경기도,구리시,"경기도 구리시 갈매중앙로 80, 갈매동 복합청사 3층",,37.63144308,127.1177774,031-550-8313,,,2023-01,0,1,0,1,,,,,,,,,,,,,,
C0314,광주광역시광역치매센터,광역치매센터,광주광역시,동구,"광주광역시 동구 제봉로 27, 한일빌딩 4층",,35.1411286,126.9211291,062-226-2181,,,2017-01,1,3,3,,,,,,,,,,,,,,,
C0318,대전광역치매센터,광역치매센터,대전광역시,중구,대전광역시 중구 문화로 282,,36.31684464,127.4153053,042-280-8968,,,2019-03,1,1,3,,,,,,,,,,,,,,,
C0321,양주시 서부 치매안심센터(분소),치매안심센터,경기도,양주시,경기도 양주시 광적면 부흥로 618번길 303,,37.81249969,126.9723072,031-8082-4388,,,2022-12,0,4,0,1,,,,,1,,,,,,,,,
C0322,신곡치매안심센터,치매안심센터,경기도,의정부시,"경기도 의정부시 신곡로 71, 3층 (신곡동, 신곡1동 행정복지센터)",,37.73309574,127.0562161,031-870-6181,,,2018-12,0,2,0,1,,,,,,,,,1,,,,,
C0324,곡성군치매안심센터,치매안심센터,전라남도,곡성군,전라남도 곡성군 곡성읍 곡성로854,,35.27886716,127.2969046,061-360-8981,,,2019-09,0,7,1,,1,,,,,,,,,,,,,
C0326,대덕구치매안심센터,치매안심센터,대전광역시,대덕구,대전광역시 대덕구 동춘당로 187,,36.36720857,127.4308384,042-608-4491,,,2019-07,1,8,1,,,,,,,,,,,,,,,
C0327,유성구치매안심센터,치매안심센터,대전광역시,유성구,대전광역시 유성구 박산로 177,,36.354491,127.328811,042-611-5112,,,2020-11,1,7,3,,,,,,,,,,,,,,,
C0332,영암군치매안심센터,치매안심센터,전라남도,영암군,전라남도 영암군 영암읍오리정길39,,34.79533941,126.7033414,061-470-6030,,,2019-12,0,6,3,2,,,,,,,,,1,1,,,,
C0333,진도군치매안심센터,치매안심센터,전라남도,진도군,전라남도 진도군 진도읍 남동1길 40-9,,34.480308,126.2629491,061-540-6961,,,2018-12,0,5,0,2,3,,,,,,,,,,,,,
C0335,[분소]서귀포시서부치매안심센터(안덕분소),치매안심센터,제주특별자치도,서귀포시,"제주특별자치도 서귀포시 안덕면 화순중앙로12번길 30-9 (화순리, 안덕보건지소)",,33.250552,126.3313996,064-760-0975,,,2021-07,0,1,0,,,,,,,,,,,,,,,
C0336,흥선치매안심센터,치매안심센터,경기도,의정부시,"경기도 의정부시 흥선로 20, 1층 (가능동, 흥선동행정복지센터)",,37.74626788,127.0306477,031-870-6166,,,2018-12,0,2,0,1,,,,,,,,,,,,,,
C0340,전북특별자치도광역치매센터,광역치매센터,전북특별자치도,전주시,"전북특별자치도 전주시 완산구 서원로 328, 2층",,35.81213116,127.1302611,063-247-6082,,,2010-12,1,1,3,3,,,1,,,,,,,,,,,
C0341,서귀포시동부보건소치매안심센터,치매안심센터,제주특별자치도,서귀포시,제주특별자치도 서귀포시 남원읍 태위로 527,,33.275629,126.703417,064-760-6141,,,2018-07,0,3,3,,,,,,,,,,,,,,,
C0345,[분소]서귀포시동부치매안심센터(표선분소),치매안심센터,제주특별자치도,서귀포시,"제주특별자치도 서귀포시 표선면 표선중앙로 17 (표선리, 표선보건지소)",,33.331192,126.830292,064-760-6365,,,2021-05,0,0,0,,,,,,,,,,,,,,,
C0346,[분소]서귀포시동부치매안심센터(성산분소),치매안심센터,제주특별자치도,서귀포시,"제주특별자치도 서귀포시 성산읍 고성오조로 42 (고성리, 성산보건지소)",,33.44655494,126.9157478,064-760-6477,,,2021-05,0,0,0,,,,,,,,,,,,,,,
C0349,제주시 제주치매안심센터,치매안심센터,제주특별자치도,제주시,제주특별자치도 제주시 연삼로 264,,33.49159994,126.520239,064-728-8490,,,2018-08,0,12,2,1,,,,,,,,,,,,,,
C0351,만안치매안심센터,치매안심센터,경기도,안양시,경기도 안양시 만안구 문예로 48 (6층),,37.385898,126.932945,031-8045-3038,,,2019-04,1,8,1,2,,,,,,1,,,,,,,,
C0352,사하구 치매안심센터(다대분소),치매안심센터,부산광역시,사하구,부산광역시 사하구 다대로530번길 7,,35.05916984,128.9713294,051-220-0034,,,2023-02,0,1,0,,,,,,,,,,,,,,,
C0353,사하구 치매안심센터(신평분소),치매안심센터,부산광역시,사하구,부산광역시 사하구 하신중앙로 185,,35.09496763,128.9615408,051-220-0074,,,2020-04,0,6,1,,,,,,,,,,,,,,,
C0354,포천시치매안심센터 영북분소,치매안심센터,경기도,포천시,경기도 포천시 영북면 영북로166,,38.0892943195,127.2756336536,031-538-4860,,,2018-12,0,1,0,1,,,,,,,,,,,,,,
C0355,포천시치매안심센터 일동분소,치매안심센터,경기도,포천시,경기도 포천시 일동면 소야길9,,37.9558113615,127.315347,031-538-4547,,,2020-08,0,1,0,1,,,,,,,,,,,,,,
C0356,세종특별자치시광역치매센터,광역치매센터,세종특별자치시,세종시,세종특별자치시 조치원읍 수원지1길 16,,36.60725506,127.3000196,044-867-2851,,,2017-01,1,1,3,2,,,,,,,,,,,,,,
C0357,세종특별자치시 치매안심센터(어진동),치매안심센터,세종특별자치시,세종시,세종특별자치시 시청대로 583,,36.4953831457,127.3188085003,044-301-2000,,,2019-12,0,4,1,,,,,,,,,,,,,,,
C0358,호원치매안심센터,치매안심센터,경기도,의정부시,"경기도 의정부시 신흥로 115, 별관 3층 (호원동, 호원2동행정복지센터)",,37.72645877,127.0431115,031-870-6124,,,2019-12,0,3,1,,,,,,,,,,1,,1,,,
C0359,목포시 치매안심센터,치매안심센터,전라남도,목포시,전라남도 목포시 수문로 32,,34.79313246,126.3829319,061-270-4271,,,2018-04,2,12,3,3,1,,,,,,,,,,,1,,
